step,type,amount,nameOrig,oldbalanceOrg,newbalanceOrig,nameDest,oldbalanceDest,newbalanceDest,isFraud,isFlaggedFraud
19,CASH_OUT,156435.77,C1306155018,0.0,0.0,C10389336,350075.23,329337.6,0,0
9,CASH_OUT,159022.13,C1970395543,100332.0,0.0,C1875625456,0.0,159022.13,0,0
35,CASH_OUT,281322.81,C870758580,11308.0,0.0,C1388202553,107819.35,389142.16,0,0
38,CASH_OUT,63142.96,C2094408841,0.0,0.0,C221397311,73531.14,136674.1,0,0
41,CASH_OUT,370542.5,C730868144,10054.0,0.0,C849704466,281294.97,651837.47,0,0
19,CASH_OUT,199621.12,C386692255,517.0,0.0,C251261155,0.0,0.0,0,0
39,CASH_OUT,385800.94,C774650245,9914.0,0.0,C1307538437,62624.41,448425.35,0,0
44,CASH_OUT,33565.24,C1055515348,623026.79,589461.55,C751411028,4183906.98,4217472.22,0,0
19,CASH_OUT,150709.69,C651449384,0.0,0.0,C1760752420,11407.0,162116.69,0,0
48,TRANSFER,405281.85,C1322005580,4572.0,0.0,C702637641,0.0,405281.85,0,0
40,CASH_OUT,73029.78,C699212862,227274.0,154244.22,C1178961725,1165.65,74195.43,0,0
84,CASH_OUT,39379.45,C743472915,39379.45,0.0,C165832169,188532.97,227912.43,1,0
15,CASH_OUT,89358.05,C2010850616,0.0,0.0,C348256295,9233088.33,9322446.38,0,0
15,CASH_OUT,13953.24,C1963232017,0.0,0.0,C1726321434,510462.23,524415.48,0,0
9,CASH_OUT,5086.35,C1550543572,32503.0,27416.65,C239562427,11248.0,627434.62,0,0
93,CASH_OUT,134946.74,C1265365091,26093.77,0.0,C480491806,343867.79,478814.53,0,0
41,CASH_OUT,123884.31,C751192030,0.0,0.0,C52641413,134334.83,258219.14,0,0
37,CASH_OUT,362158.02,C1850033245,51941.0,0.0,C1430351444,0.0,450505.58,0,0
11,CASH_OUT,386268.04,C1162241354,94064.0,0.0,C378098805,0.0,386268.04,0,0
17,CASH_OUT,107536.49,C102633320,0.0,0.0,C1807964188,555383.28,662919.77,0,0
44,CASH_OUT,200944.16,C1032872622,32115.0,0.0,C975774677,2799657.74,3000601.9,0,0
18,TRANSFER,1457840.52,C435159253,771157.0,0.0,C1476163268,0.0,2076138.57,0,0
18,CASH_OUT,233124.28,C1491322343,126.0,0.0,C1364129993,1279396.97,1495553.17,0,0
37,CASH_OUT,140964.16,C2012551222,0.0,0.0,C736236438,2382182.37,2389116.06,0,0
41,TRANSFER,351929.76,C13918202,102408.0,0.0,C22237724,227651.12,579580.88,0,0
22,TRANSFER,437252.93,C1381377774,364.0,0.0,C1623782441,361098.52,798351.46,0,0
42,TRANSFER,851621.32,C336716340,0.0,0.0,C1921705853,969374.05,1820995.36,0,0
12,CASH_OUT,211478.31,C915047113,407148.0,195669.69,C1843751632,105821.0,0.0,0,0
41,CASH_OUT,74528.98,C1680558566,0.0,0.0,C1795026220,2932828.22,3167157.74,0,0
14,CASH_OUT,35897.6,C1776646057,0.0,0.0,C2104652067,9675112.49,9681027.27,0,0
13,CASH_OUT,271537.64,C860524016,166691.0,0.0,C1395837245,1428443.57,2049002.89,0,0
9,TRANSFER,928738.41,C1516216743,107099.0,0.0,C1124049355,817.0,95749.66,0,0
35,CASH_OUT,7929.58,C1277941004,0.0,0.0,C1695362778,1163999.14,1171928.72,0,0
43,CASH_OUT,140133.38,C1034827335,0.0,0.0,C1180598538,209128.17,349261.55,0,0
18,CASH_OUT,635879.32,C433399742,12007.0,0.0,C885377382,270485.09,965404.13,0,0
44,TRANSFER,295826.2,C1154813634,0.0,0.0,C1689374891,2665341.56,4424403.81,0,0
21,CASH_OUT,133313.3,C1567330272,22219.0,0.0,C502489821,217196.43,350509.74,0,0
14,CASH_OUT,268854.05,C1255648588,21369.0,0.0,C687952063,1463233.4,1732087.45,0,0
47,CASH_OUT,297557.39,C304783624,0.0,0.0,C240821218,2668923.75,3408395.66,0,0
29,CASH_OUT,268641.82,C2038670336,268641.82,0.0,C1068543577,197163.95,465805.77,1,0
18,CASH_OUT,226554.88,C713361843,113094.0,0.0,C938229535,1991409.27,1892134.37,0,0
69,CASH_OUT,5521483.54,C1786386487,5521483.54,0.0,C1454031203,5527212.34,11048695.88,1,0
18,CASH_OUT,115786.61,C1951267865,0.0,0.0,C468296734,159887.96,315687.53,0,0
9,CASH_OUT,266117.09,C468484430,49985.0,0.0,C486750945,0.0,266117.09,0,0
13,CASH_OUT,19172.48,C1160448538,0.0,0.0,C487219656,3230572.95,3141206.08,0,0
46,CASH_OUT,5520.06,C695312840,0.0,0.0,C882864415,617409.42,622929.48,0,0
14,CASH_OUT,256548.19,C1312264456,0.0,0.0,C1928917845,282541.99,1430435.75,0,0
9,CASH_OUT,88643.38,C1048586016,0.0,0.0,C1871689990,216345.07,559565.01,0,0
41,CASH_OUT,108478.16,C680336535,105272.0,0.0,C1480054378,0.0,108478.16,0,0
35,CASH_OUT,182920.81,C426012663,0.0,0.0,C130234596,372041.9,554962.71,0,0
15,CASH_OUT,117622.18,C1209631585,118.0,0.0,C714836870,0.0,195379.83,0,0
25,CASH_OUT,152088.97,C1770323707,1112.0,0.0,C1758590178,6310585.55,6462674.52,0,0
18,TRANSFER,195965.18,C875463528,0.0,0.0,C346020085,14503157.12,14552143.05,0,0
36,CASH_OUT,188462.98,C826006407,10271.0,0.0,C2071178761,64445.56,252908.54,0,0
44,TRANSFER,387952.42,C374179954,387952.42,0.0,C1213274351,0.0,0.0,1,0
93,TRANSFER,38150.22,C1961802855,38150.22,0.0,C315895571,0.0,0.0,1,0
15,CASH_OUT,68886.53,C37693654,5864.0,0.0,C842455784,27240.93,49793.62,0,0
15,TRANSFER,696763.08,C968403759,696763.08,0.0,C1524019269,0.0,69861.26,1,0
41,TRANSFER,653709.7,C154271288,0.0,0.0,C1348669431,5100281.06,5753990.76,0,0
40,CASH_OUT,84317.48,C50430463,0.0,0.0,C1379057817,1946177.04,2030494.51,0,0
17,CASH_OUT,139804.25,C2096148442,25943.0,0.0,C1493617119,1514596.5,2008304.29,0,0
50,CASH_OUT,592737.43,C300034494,592737.43,0.0,C206270107,163646.39,756383.82,1,0
22,CASH_OUT,71316.06,C464311480,3.0,0.0,C944883137,123043.09,194359.15,0,0
18,TRANSFER,351578.53,C1921907455,0.0,0.0,C768600096,413809.0,905179.88,0,0
38,CASH_OUT,212522.25,C1515094368,4541.0,0.0,C1741539833,4320.0,0.0,0,0
15,CASH_OUT,160969.79,C1390945756,0.0,0.0,C1649493356,619626.7,780596.48,0,0
33,CASH_OUT,314025.45,C532705974,144805.22,0.0,C2023391825,910739.1,1224764.56,0,0
15,CASH_OUT,104065.72,C115692381,2279.0,0.0,C1509943075,0.0,63900.22,0,0
30,CASH_OUT,236947.25,C474899128,236947.25,0.0,C116505755,70084.28,307031.53,1,0
18,CASH_OUT,148525.23,C865941111,6456.0,0.0,C455829974,189464.49,337989.72,0,0
12,TRANSFER,147270.16,C1730757001,0.0,0.0,C1649389360,2288132.53,2430600.96,0,0
34,CASH_OUT,202368.36,C1748817712,0.0,0.0,C1365650915,1020931.74,1223300.11,0,0
11,CASH_OUT,151979.91,C342028044,99187.0,0.0,C237683160,15958.0,2231674.62,0,0
42,CASH_OUT,113657.86,C1518508008,351846.4,238188.54,C764744375,548119.97,661777.83,0,0
15,CASH_OUT,253281.81,C1683267988,231577.87,0.0,C2058178555,580016.43,785026.88,0,0
12,CASH_OUT,292202.89,C1271534077,0.0,0.0,C1435763389,3129782.59,3115956.08,0,0
9,CASH_OUT,26223.26,C820524124,79983.0,53759.74,C552679581,318916.98,250830.57,0,0
44,TRANSFER,1649818.97,C369936121,1649818.97,0.0,C1347315975,0.0,0.0,1,0
21,CASH_OUT,102938.74,C1915921061,0.0,0.0,C1199544128,1728545.36,1831484.1,0,0
40,CASH_OUT,422284.88,C506127079,526.0,0.0,C1871156767,66347.43,488632.3,0,0
43,CASH_OUT,127872.15,C1156000618,346340.56,218468.41,C459983571,572142.35,700014.5,0,0
45,CASH_OUT,357836.57,C198543509,357836.57,0.0,C824285986,51217.85,409054.43,1,0
18,CASH_OUT,56470.86,C315441466,6331.0,0.0,C546856775,104053.42,160524.29,0,0
90,CASH_OUT,39664.74,C1334465444,39664.74,0.0,C247088283,0.0,39664.74,1,0
40,CASH_OUT,367696.12,C282954778,0.0,0.0,C2001964705,4816778.58,5184474.71,0,0
18,CASH_OUT,137810.32,C1732137352,61017.0,0.0,C552060976,67629.8,310954.66,0,0
34,CASH_OUT,109349.06,C1326180039,0.0,0.0,C1549854117,2148363.5,2371657.87,0,0
11,CASH_OUT,527146.14,C903912294,686353.83,159207.69,C2006081398,17344691.56,18861782.99,0,0
19,CASH_OUT,11158.0,C1333986171,0.0,0.0,C1629589546,405941.93,417099.93,0,0
13,CASH_OUT,122092.28,C1525283535,0.0,0.0,C1799785502,150495.57,272587.85,0,0
19,CASH_OUT,204873.29,C1764247500,0.0,0.0,C624181303,239253.51,444126.8,0,0
15,CASH_OUT,176605.15,C1126875855,0.0,0.0,C1275164668,12058651.23,12235256.37,0,0
33,CASH_OUT,217435.73,C1549290519,0.0,0.0,C1219457970,4321618.65,4539054.38,0,0
38,TRANSFER,460192.52,C1396449350,0.0,0.0,C2028875531,787939.4,1248131.91,0,0
20,CASH_OUT,155717.33,C1670169224,0.0,0.0,C1229883101,287346.3,814498.97,0,0
35,CASH_OUT,239069.87,C520043532,0.0,0.0,C701938155,1667616.28,1906686.15,0,0
15,CASH_OUT,381957.47,C1966524831,0.0,0.0,C535666913,2043000.49,2424957.95,0,0
14,CASH_OUT,2927005.15,C2010427735,2927005.15,0.0,C1887744176,0.0,2994420.07,1,0
14,CASH_OUT,1561891.66,C15204463,1561891.66,0.0,C1255502452,3471928.95,6443177.56,1,0
13,CASH_OUT,121244.75,C454803266,0.0,0.0,C248576137,1213642.97,1334887.72,0,0
13,CASH_OUT,115483.33,C208575969,0.0,0.0,C1190181813,6276661.99,6392145.32,0,0
14,CASH_OUT,17052.85,C1749697186,10751.0,0.0,C1496194127,537403.3,681426.12,0,0
12,CASH_OUT,234894.11,C1397292503,23092.0,0.0,C1687582668,105186.63,345447.89,0,0
43,TRANSFER,148786.27,C1519841595,0.0,0.0,C1727908519,177140.53,325926.8,0,0
14,CASH_OUT,19997.32,C1521993704,50373.0,30375.68,C76500199,213751.27,284635.74,0,0
18,CASH_OUT,149673.34,C767659737,0.0,0.0,C1036138670,3734825.74,3581398.59,0,0
45,CASH_OUT,132641.65,C1617731143,0.0,0.0,C736325226,3521451.96,3654093.61,0,0
38,CASH_OUT,97114.5,C1362519811,0.0,0.0,C117840646,132327.32,229441.82,0,0
37,TRANSFER,1072429.58,C925392337,0.0,0.0,C1382919334,4681786.45,5754216.04,0,0
23,CASH_OUT,355486.17,C748542955,0.0,0.0,C495036693,852375.46,1207861.63,0,0
94,CASH_OUT,283254.25,C2133019406,1117.0,0.0,C377071748,0.0,283254.25,0,0
41,CASH_OUT,152022.48,C299302703,0.0,0.0,C945034990,1556157.04,1708179.52,0,0
94,CASH_OUT,194690.26,C93194489,69217.42,0.0,C141534190,1269210.01,1463900.27,0,0
38,CASH_OUT,59485.82,C947084097,922.0,0.0,C1013242184,0.0,59485.82,0,0
64,CASH_OUT,3097121.75,C1563094045,3097121.75,0.0,C1677375515,0.0,3097121.75,1,0
11,CASH_OUT,189210.86,C647358051,119023.0,0.0,C1739974332,0.0,191778.0,0,0
17,TRANSFER,454689.05,C1765641662,0.0,0.0,C758651122,3833560.81,4490205.75,0,0
19,CASH_OUT,222577.06,C1586490956,0.0,0.0,C873596153,339712.0,680375.69,0,0
20,CASH_OUT,314305.87,C544331949,0.0,0.0,C860589720,744778.51,1059084.38,0,0
19,CASH_OUT,296274.18,C1101807183,0.0,0.0,C131671914,369049.18,818226.29,0,0
13,CASH_OUT,144452.54,C356063142,0.0,0.0,C934290474,235946.98,380399.52,0,0
14,CASH_OUT,254130.39,C364198964,178910.0,0.0,C181690060,0.0,145937.59,0,0
15,CASH_OUT,103250.66,C1707381312,225213.87,121963.2,C16549036,1668760.07,2574901.78,0,0
7,TRANSFER,1306489.06,C1010419513,0.0,0.0,C11003494,11981248.41,15026180.08,0,0
20,TRANSFER,289600.26,C2018466948,10488.0,0.0,C106675728,20351.78,309952.04,0,0
22,CASH_OUT,250508.22,C1961176152,0.0,0.0,C256763146,846293.47,1096801.69,0,0
10,CASH_OUT,171467.56,C2012562053,10584.04,0.0,C683891649,4338926.53,6583892.2,0,0
45,CASH_OUT,227194.27,C1031504604,0.0,0.0,C178127975,1611372.03,1838566.3,0,0
94,CASH_OUT,405354.37,C1422979283,0.0,0.0,C390469641,482323.95,887678.32,0,0
18,CASH_OUT,216354.08,C1355649386,0.0,0.0,C1603347344,625329.82,1428861.92,0,0
42,CASH_OUT,121346.68,C50598643,0.0,0.0,C1518080176,945340.75,1066687.43,0,0
40,CASH_OUT,61010.49,C1044628465,0.0,0.0,C758683674,280426.39,341436.88,0,0
41,TRANSFER,867065.16,C1862935444,111.0,0.0,C1720231001,2702688.43,3569753.59,0,0
43,CASH_OUT,1762.04,C1030391356,31103.0,29340.96,C1692907088,70881.63,72643.67,0,0
18,CASH_OUT,197238.67,C2129194817,0.0,0.0,C1234429486,2424512.44,2621751.11,0,0
22,CASH_OUT,379878.0,C1495269307,379878.0,0.0,C475345362,1301414.19,1681292.19,1,0
46,TRANSFER,501567.64,C785044246,0.0,0.0,C938993659,2053020.38,2554588.02,0,0
9,TRANSFER,3649110.85,C1069086544,273107.0,0.0,C2115178036,6777843.98,11863728.3,0,0
32,TRANSFER,404165.06,C1458768825,404165.06,0.0,C206316722,0.0,0.0,1,0
71,CASH_OUT,479892.04,C1282533102,479892.04,0.0,C672637887,1600079.29,2079971.33,1,0
6,TRANSFER,85354.69,C558400671,85354.69,0.0,C527482085,0.0,0.0,1,0
43,TRANSFER,272286.84,C835465092,2133.0,0.0,C1344812436,0.0,272286.84,0,0
45,CASH_OUT,21962.44,C1082056481,106762.0,84799.56,C556959466,2800293.91,2822256.35,0,0
9,CASH_OUT,21728.52,C1263438826,0.0,0.0,C747869108,1803122.36,2022485.59,0,0
19,CASH_OUT,15998.46,C39717375,0.0,0.0,C1921483039,5672709.13,5688707.6,0,0
40,CASH_OUT,214084.02,C1840495243,0.0,0.0,C548919903,266616.99,480701.01,0,0
40,CASH_OUT,106349.76,C1543625200,212480.64,106130.88,C29979574,471360.87,729968.28,0,0
48,TRANSFER,350366.69,C426079018,0.0,0.0,C122252510,1031447.97,1381814.66,0,0
8,CASH_OUT,313191.92,C777890681,0.0,0.0,C1515979807,11631660.98,12141425.39,0,0
43,CASH_OUT,26581.06,C1156231144,2591.0,0.0,C646123724,154412.39,180993.45,0,0
45,CASH_OUT,157375.55,C883867956,23232.0,0.0,C1020130732,274764.21,432139.76,0,0
33,TRANSFER,105479.07,C102261477,0.0,0.0,C91013390,1986701.09,2092180.17,0,0
20,CASH_OUT,166837.69,C1526754713,14629.0,0.0,C2071221217,7302001.65,7468839.33,0,0
15,CASH_OUT,279791.9,C1816137816,40401.0,0.0,C1261136984,0.0,279791.9,0,0
15,CASH_OUT,114459.76,C1101977463,0.0,0.0,C2124379086,329890.54,444350.3,0,0
34,CASH_OUT,59766.22,C1568895054,0.0,0.0,C822396888,363732.26,583564.24,0,0
14,CASH_OUT,510658.69,C1725703371,0.0,0.0,C448155494,6272859.29,7049903.49,0,0
18,CASH_OUT,52126.0,C1603593870,31017.0,0.0,C702461864,15995.0,0.0,0,0
34,CASH_OUT,1016540.35,C1455982049,1016540.35,0.0,C1613524189,4463851.64,5700161.74,1,0
18,CASH_OUT,6196.4,C1061403829,82129.0,75932.6,C273791087,54731.2,95485.9,0,0
18,CASH_OUT,16617.94,C1810134358,157875.0,141257.06,C1042182950,0.0,16617.94,0,0
19,CASH_OUT,153870.46,C652313288,0.0,0.0,C1388213832,1264528.11,1732643.33,0,0
15,CASH_OUT,393009.89,C591912655,54060.0,0.0,C68930018,0.0,393009.89,0,0
39,CASH_OUT,188908.9,C1961573631,630.0,0.0,C1905924918,3051204.98,3347857.69,0,0
43,CASH_OUT,39058.34,C607172384,0.0,0.0,C794338651,2119630.61,2158688.96,0,0
42,CASH_OUT,73751.61,C144248361,0.0,0.0,C312302001,1456175.22,1667058.83,0,0
40,CASH_OUT,17096.86,C1782098898,0.0,0.0,C1713590563,1476067.22,1493164.08,0,0
22,CASH_OUT,95809.55,C2119617232,8674.0,0.0,C1313227972,0.0,95809.55,0,0
19,CASH_OUT,304531.43,C182188017,0.0,0.0,C1205080315,7514403.59,7818935.02,0,0
17,CASH_OUT,3989.44,C325622469,0.0,0.0,C945678918,1670955.92,1674945.36,0,0
16,CASH_OUT,137769.97,C1456920492,0.0,0.0,C143741284,1493979.08,1824073.47,0,0
94,CASH_OUT,105247.31,C382282088,0.0,0.0,C1507492272,301882.17,407129.48,0,0
43,TRANSFER,2121892.05,C565391049,0.0,0.0,C611932742,2128315.41,4250207.46,0,0
42,CASH_OUT,280754.63,C134132471,8883.0,0.0,C1599314286,1773408.6,2054163.24,0,0
18,CASH_OUT,64249.3,C2121448096,15668.0,0.0,C850934011,43127.0,0.0,0,0
17,CASH_OUT,54298.85,C892562151,6127.0,0.0,C918590199,1414202.11,2179877.76,0,0
9,TRANSFER,2258875.31,C521637951,0.0,0.0,C1508456612,8205132.73,10156917.62,0,0
38,TRANSFER,958051.91,C1102425783,22068.0,0.0,C1145091215,0.0,958051.91,0,0
43,CASH_OUT,623305.03,C413345153,0.0,0.0,C423468445,1368544.91,2033490.75,0,0
14,CASH_OUT,238222.12,C198953749,260571.23,22349.11,C1734994489,884160.87,1122382.99,0,0
33,CASH_OUT,236026.06,C886567441,10843.0,0.0,C82471151,619602.04,771802.55,0,0
44,CASH_OUT,54151.88,C429043608,0.0,0.0,C957100340,3892331.62,3946483.49,0,0
20,CASH_OUT,226697.83,C1277285636,32807.0,0.0,C644048179,0.0,226697.83,0,0
21,CASH_OUT,106649.43,C570150178,0.0,0.0,C558423489,666661.4,773310.83,0,0
11,CASH_OUT,274801.73,C1173211753,0.0,0.0,C1697822455,3254398.22,3529199.95,0,0
42,TRANSFER,18402.85,C918360384,0.0,0.0,C653252009,251430.03,269832.88,0,0
18,CASH_OUT,282741.46,C414660385,0.0,0.0,C547427396,1210082.43,1492823.89,0,0
15,CASH_OUT,78035.11,C338983790,0.0,0.0,C373302759,123199.07,201234.18,0,0
16,CASH_OUT,103916.57,C816854119,0.0,0.0,C427913299,414034.33,517950.9,0,0
40,CASH_OUT,428347.23,C512545644,492.0,0.0,C726752092,8712800.7,9141147.93,0,0
34,CASH_OUT,205129.41,C2139049349,296488.5,91359.09,C749610836,487229.89,692359.3,0,0
35,CASH_OUT,20333.4,C265382087,243114.0,222780.6,C824003779,30805.0,51138.4,0,0
43,CASH_OUT,99875.7,C430023380,32395.0,0.0,C1822052148,764192.01,864067.71,0,0
35,TRANSFER,1329447.93,C1316051815,28229.0,0.0,C1418903218,6928.4,1336376.32,0,0
10,TRANSFER,38364.81,C341924247,227756.57,189391.76,C1807964188,0.0,360502.37,0,0
34,CASH_OUT,279276.1,C1275114811,2411.0,0.0,C213507706,154738.98,434015.07,0,0
19,CASH_OUT,294067.03,C302204182,45999.0,0.0,C1991351117,0.0,294067.03,0,0
17,TRANSFER,349205.45,C1727025189,13.0,0.0,C627562887,26454.85,375660.3,0,0
42,CASH_OUT,39924.78,C441956252,0.0,0.0,C2108824438,788209.7,828134.48,0,0
47,CASH_OUT,2249574.01,C758510706,2249574.01,0.0,C1011054162,3785286.98,6034861.0,1,0
44,TRANSFER,44571.94,C1819568647,44571.94,0.0,C258309243,0.0,0.0,1,0
17,CASH_OUT,565620.56,C948425556,103241.0,0.0,C76017431,1386821.08,1780230.22,0,0
40,CASH_OUT,357512.22,C1159829888,32483.0,0.0,C1931460274,3720367.51,4077879.72,0,0
10,CASH_OUT,132495.67,C937760701,31524.0,0.0,C1999812935,446721.04,300100.72,0,0
44,CASH_OUT,288783.16,C1558548276,5045.0,0.0,C1067070534,6248.0,0.0,0,0
22,CASH_OUT,373063.27,C45028834,30831.06,0.0,C1560798990,439256.82,812320.09,0,0
45,TRANSFER,71725.74,C1214922736,1548.87,0.0,C870360818,4985886.3,5057612.05,0,0
36,CASH_OUT,180100.8,C1315578509,0.0,0.0,C1520267400,922978.66,1103079.46,0,0
4,CASH_OUT,104234.05,C1415104286,58096.76,0.0,C1926673338,167476.47,204653.87,0,0
10,CASH_OUT,202489.26,C453139871,0.0,0.0,C2029726297,1451376.47,1784967.51,0,0
56,CASH_OUT,530733.43,C1486070505,530733.43,0.0,C1428831661,233066.99,763800.42,1,0
41,TRANSFER,879338.31,C1911895165,0.0,0.0,C1909237316,1888215.61,2767553.92,0,0
10,CASH_OUT,67238.15,C535245373,5473.0,0.0,C1248407405,0.0,67238.15,0,0
16,CASH_OUT,145028.39,C2069918028,0.0,0.0,C1360913629,803882.47,1115703.61,0,0
18,CASH_OUT,35836.27,C1449288646,1678.0,0.0,C1066777761,1574472.64,1253917.43,0,0
18,CASH_OUT,26789.8,C1267281464,0.0,0.0,C262752778,100982.97,284793.69,0,0
17,CASH_OUT,139718.47,C1949406707,0.0,0.0,C1803523930,436489.39,502529.16,0,0
42,TRANSFER,231877.07,C745685715,16539.65,0.0,C1427067435,526146.88,758023.95,0,0
34,CASH_OUT,177197.85,C36933184,184.0,0.0,C1595278145,345477.74,522675.6,0,0
19,CASH_OUT,19391.43,C2006575409,243664.09,224272.65,C1349183092,475092.3,494483.73,0,0
42,CASH_OUT,112685.61,C1825407119,136878.0,24192.39,C476602708,981686.96,1094372.57,0,0
36,CASH_OUT,95341.65,C1745006182,0.0,0.0,C1428384061,399591.06,494932.71,0,0
16,CASH_OUT,103941.21,C794033966,0.0,0.0,C1534917068,169732.72,245508.11,0,0
43,CASH_OUT,29988.0,C756162144,29988.0,0.0,C1734856260,0.0,29988.0,1,0
20,CASH_OUT,330038.09,C1059751539,0.0,0.0,C439749139,4569878.17,5465852.87,0,0
42,TRANSFER,334276.08,C1374233613,334276.08,0.0,C443044241,0.0,0.0,1,0
42,CASH_OUT,234584.74,C1504834501,0.0,0.0,C1747391605,727895.26,962480.0,0,0
20,CASH_OUT,28732.83,C1748767926,136141.26,107408.42,C1687035681,277150.7,312373.71,0,0
8,CASH_OUT,219441.06,C1481800615,0.0,0.0,C711496491,252813.79,472254.85,0,0
46,CASH_OUT,26874.63,C266191788,12450.0,0.0,C20891988,719963.36,746838.0,0,0
36,CASH_OUT,441974.05,C1451065660,0.0,0.0,C750537089,2536233.86,2978207.91,0,0
13,CASH_OUT,100765.21,C2049874373,0.0,0.0,C843031928,1865512.97,1848823.86,0,0
35,CASH_OUT,202643.85,C1583528428,9.0,0.0,C152850355,4033212.63,4235856.49,0,0
9,CASH_OUT,187180.81,C2079363214,1030.0,0.0,C311896135,27425.0,214605.81,0,0
15,TRANSFER,59385.67,C1275373422,59385.67,0.0,C1704707395,0.0,0.0,1,0
13,TRANSFER,48375.02,C920803432,48375.02,0.0,C1767389067,0.0,0.0,1,0
41,TRANSFER,357641.69,C1581238237,0.0,0.0,C93456059,680900.43,1038542.13,0,0
42,CASH_OUT,246131.98,C681996543,55769.0,0.0,C689554213,0.0,452567.03,0,0
44,TRANSFER,697625.63,C413606127,0.0,0.0,C749707640,902165.81,1599791.44,0,0
9,CASH_OUT,412904.9,C343709620,0.0,0.0,C854139074,1286478.35,3045602.36,0,0
88,TRANSFER,337994.64,C425422557,337994.64,0.0,C1375508405,0.0,0.0,1,0
21,TRANSFER,414301.75,C563717032,109553.08,0.0,C178194053,1696765.28,2111067.03,0,0
41,CASH_OUT,324612.32,C1679777301,0.0,0.0,C901966752,557711.96,882324.28,0,0
12,CASH_OUT,160800.99,C1714250763,0.0,0.0,C1485420825,359049.54,519850.53,0,0
47,CASH_OUT,461500.03,C201537780,0.0,0.0,C154122697,1129505.88,1591005.91,0,0
11,TRANSFER,1865801.57,C662305955,163658.03,0.0,C317071334,2160385.95,4170630.63,0,0
10,CASH_OUT,707460.95,C991154411,0.0,0.0,C1733581655,1541968.86,1919717.89,0,0
52,CASH_OUT,7484125.12,C99129129,7484125.12,0.0,C1179262893,62896.23,7547021.36,1,0
39,CASH_OUT,2070814.27,C1115361466,2070814.27,0.0,C521252518,0.0,2070814.27,1,0
18,CASH_OUT,39525.07,C1915015149,131932.0,92406.93,C577628476,149342.76,188867.83,0,0
67,CASH_OUT,106460.7,C844080619,106460.7,0.0,C597435768,1414263.15,1520723.84,1,0
45,CASH_OUT,920.75,C1081219110,0.0,0.0,C574132826,1899793.61,1900714.36,0,0
13,CASH_OUT,261353.1,C1686126199,78259.0,0.0,C1959394276,364091.96,625445.06,0,0
44,CASH_OUT,85469.4,C1428476503,0.0,0.0,C925108572,1797818.12,1883287.52,0,0
17,CASH_OUT,64130.56,C1616972139,0.0,0.0,C1268199626,392949.09,457079.65,0,0
35,CASH_OUT,131835.63,C1830694122,91943.0,0.0,C1981231523,0.0,131835.63,0,0
36,CASH_OUT,214671.67,C1730427981,256700.18,42028.51,C7701506,2438298.6,2652970.27,0,0
37,CASH_OUT,485228.23,C2042995686,30979.0,0.0,C1007661780,67478.53,941541.6,0,0
12,CASH_OUT,71323.29,C1222126477,0.0,0.0,C1423550457,510028.59,1968974.32,0,0
56,TRANSFER,4243468.19,C244956323,4243468.19,0.0,C1079262309,0.0,0.0,1,0
42,CASH_OUT,227183.77,C2130324929,0.0,0.0,C182874879,469450.28,696634.06,0,0
12,CASH_OUT,71968.64,C98470859,0.0,0.0,C1918850412,506455.31,578423.96,0,0
26,CASH_OUT,1646181.09,C441238852,1646181.09,0.0,C2059240998,220025.2,1866206.29,1,0
34,TRANSFER,528098.79,C1409536749,0.0,0.0,C1211891005,1061260.62,1589359.41,0,0
42,CASH_OUT,67450.62,C1381967580,42610.0,0.0,C1846095363,0.0,67450.62,0,0
15,CASH_OUT,26943.28,C429395745,0.0,0.0,C1775745654,608595.0,952987.37,0,0
9,CASH_OUT,166964.84,C1453792973,0.0,0.0,C1799068185,359956.65,509273.64,0,0
8,CASH_OUT,321058.3,C2047030500,0.0,0.0,C1523536343,748485.22,1100554.46,0,0
34,CASH_OUT,143397.56,C913188230,0.0,0.0,C1857059512,739576.65,1254647.42,0,0
35,CASH_OUT,104444.52,C1000268459,0.0,0.0,C2039855232,116805.29,221249.81,0,0
33,CASH_OUT,318892.69,C874300349,0.0,0.0,C2127232870,1683425.01,2002317.7,0,0
18,TRANSFER,213830.67,C366500031,116472.89,0.0,C2094741290,9221382.62,9737834.56,0,0
12,CASH_OUT,323841.59,C927251591,0.0,0.0,C360660321,423073.41,328673.91,0,0
38,TRANSFER,195145.71,C2049808515,1112.91,0.0,C1275369312,494148.96,689294.67,0,0
41,CASH_OUT,442241.86,C1436153963,10667.0,0.0,C522638471,0.0,447605.52,0,0
40,TRANSFER,20314.97,C776336653,20314.97,0.0,C737099940,0.0,0.0,1,0
18,TRANSFER,281076.4,C91921112,0.0,0.0,C2011886624,6670029.2,6784344.54,0,0
93,CASH_OUT,185846.74,C575685990,175.0,0.0,C1303402030,64478.55,250325.29,0,0
72,CASH_OUT,730574.39,C1283613009,730574.39,0.0,C1291527211,183897.18,914471.57,1,0
45,CASH_OUT,204212.84,C1117386365,0.0,0.0,C1755085731,354854.94,559067.78,0,0
41,CASH_OUT,99261.19,C1162400262,416165.0,316903.81,C74381858,218516.65,317777.84,0,0
16,CASH_OUT,193244.6,C1196773358,10920.0,0.0,C1084995130,5060633.48,5526383.38,0,0
20,TRANSFER,448556.43,C2043165659,21423.0,0.0,C131837504,12161266.18,12609822.61,0,0
17,CASH_OUT,313491.64,C1615886399,0.0,0.0,C2043541480,699152.44,1020144.87,0,0
45,TRANSFER,873670.52,C1879598263,0.0,0.0,C948703823,1190148.38,2063818.9,0,0
20,CASH_OUT,164645.93,C998564842,235741.74,71095.81,C1188229244,1266691.87,1431337.8,0,0
22,CASH_OUT,214231.36,C546682072,0.0,0.0,C1543005080,538197.31,752428.67,0,0
12,CASH_OUT,433061.26,C194540511,0.0,0.0,C1360767589,22778740.87,23565137.4,0,0
12,TRANSFER,1661709.74,C1713504244,0.0,0.0,C639015907,4820030.59,6404225.71,0,0
20,CASH_OUT,167602.19,C889094940,0.0,0.0,C1596579913,470543.5,638145.69,0,0
9,CASH_OUT,218722.81,C1208349915,0.0,0.0,C1089177065,832627.41,1223325.27,0,0
11,CASH_OUT,19126.66,C775073645,0.0,0.0,C1338334335,14586.61,0.0,0,0
35,CASH_OUT,98782.03,C1026365334,382199.76,283417.74,C303529489,1000014.28,1098796.31,0,0
20,CASH_OUT,55824.33,C684747059,115171.0,59346.67,C25085924,6695596.76,6972137.84,0,0
43,CASH_OUT,146392.49,C1383089364,0.0,0.0,C1121929205,2070668.57,2392136.23,0,0
39,CASH_OUT,135158.2,C1090013007,0.0,0.0,C12210895,838370.62,973528.82,0,0
20,CASH_OUT,302125.23,C1562422670,361.0,0.0,C571720939,287488.29,589613.52,0,0
19,CASH_OUT,156992.69,C655912000,11096.0,0.0,C169982835,1083402.62,1240395.31,0,0
84,TRANSFER,8380.79,C392060027,8380.79,0.0,C45705350,0.0,0.0,1,0
21,TRANSFER,1808642.99,C2040401900,0.0,0.0,C1069873258,2265798.05,4009544.8,0,0
33,CASH_OUT,89668.77,C1866887315,71291.0,0.0,C561101808,590017.89,679686.66,0,0
23,CASH_OUT,395189.0,C766911260,0.0,0.0,C234827271,418434.88,813623.88,0,0
9,CASH_OUT,141831.83,C952752364,0.0,0.0,C1708048606,252670.04,103490.73,0,0
35,CASH_OUT,420123.64,C1060889003,0.0,0.0,C681979935,1816374.51,2236498.16,0,0
17,CASH_OUT,48527.14,C877859121,394381.33,345854.19,C357480178,0.0,48527.14,0,0
45,CASH_OUT,122161.48,C791933538,0.0,0.0,C221677362,453223.66,575385.13,0,0
44,CASH_OUT,102965.33,C823098430,208588.42,105623.09,C625088521,2052589.69,2155555.03,0,0
16,CASH_OUT,71858.67,C37331448,10360.0,0.0,C1598993785,0.0,71858.67,0,0
18,CASH_OUT,222607.74,C1038779766,25626.0,0.0,C1200294148,1506594.22,2502890.1,0,0
11,CASH_OUT,220580.35,C1615605148,0.0,0.0,C1215206514,388812.89,942614.03,0,0
12,CASH_OUT,49026.66,C1840965047,0.0,0.0,C82400954,135846.07,184872.73,0,0
38,CASH_OUT,210750.82,C262452794,186173.0,0.0,C1050777849,93571.34,304322.16,0,0
9,CASH_OUT,71780.42,C1391931618,0.0,0.0,C1298737967,82252.0,526486.18,0,0
10,CASH_OUT,301747.06,C2146834033,0.0,0.0,C691586697,1248554.37,1550301.43,0,0
46,CASH_OUT,304746.63,C542220015,49877.0,0.0,C96711136,57385.47,362132.1,0,0
48,CASH_OUT,28097.04,C2054813035,49913.0,21815.96,C898570079,272988.77,301085.81,0,0
36,TRANSFER,209429.61,C624136211,0.0,0.0,C1916873789,7118072.71,7327502.32,0,0
35,CASH_OUT,169291.62,C1926760274,0.0,0.0,C390930468,5187729.86,5357021.48,0,0
38,CASH_OUT,142131.67,C1187194468,132.0,0.0,C1906446384,2720264.15,2862395.82,0,0
37,TRANSFER,481607.44,C563164311,6517.0,0.0,C1549936362,136203.13,617810.57,0,0
1,CASH_OUT,20128.0,C1118430673,20128.0,0.0,C339924917,6268.0,12145.85,1,0
15,TRANSFER,333778.52,C1004722755,0.0,0.0,C208770388,1169118.37,1238781.88,0,0
34,CASH_OUT,173232.16,C360117277,0.0,0.0,C1284796999,192069.45,904834.58,0,0
10,CASH_OUT,251092.35,C1997425152,0.0,0.0,C615661501,513202.42,2574646.71,0,0
37,CASH_OUT,92148.74,C1614997570,0.0,0.0,C171308650,1019906.83,1112055.57,0,0
7,CASH_OUT,34329.61,C861361568,0.0,0.0,C373415859,102287.0,184532.58,0,0
44,CASH_OUT,36721.06,C1108343806,21068.18,0.0,C318242337,720566.1,757287.16,0,0
17,CASH_OUT,189831.89,C532662029,0.0,0.0,C2075418736,577108.96,1191137.18,0,0
35,CASH_OUT,161273.69,C1395455298,752.0,0.0,C1720300196,167965.03,199191.51,0,0
33,TRANSFER,1633970.43,C490464082,113.0,0.0,C1761471876,132464.69,1766435.13,0,0
43,CASH_OUT,329060.32,C1626236453,51875.0,0.0,C861521582,694694.36,822024.41,0,0
11,CASH_OUT,399605.84,C1132847387,2753.0,0.0,C1304776965,693009.22,1092615.06,0,0
19,CASH_OUT,165021.24,C625578089,200966.0,35944.76,C1857346532,174945.62,339966.86,0,0
20,CASH_OUT,261229.64,C1406213253,0.0,0.0,C1647809929,1174980.66,1436210.3,0,0
91,TRANSFER,921668.95,C1152872254,921668.95,0.0,C1484049545,0.0,0.0,1,0
15,CASH_OUT,285537.83,C317768684,0.0,0.0,C515197135,353134.03,792374.74,0,0
18,CASH_OUT,159762.64,C1363329462,0.0,0.0,C1984192708,3516757.71,3676520.34,0,0
15,CASH_OUT,11140.5,C668061982,0.0,0.0,C1416415259,197028.6,208169.1,0,0
15,CASH_OUT,343325.39,C1581445786,24327.0,0.0,C845329744,561670.05,904995.44,0,0
43,CASH_OUT,39491.21,C2001239720,0.0,0.0,C2013691076,5686949.6,5726440.81,0,0
18,CASH_OUT,286988.06,C519975622,65580.0,0.0,C609974262,1765567.89,2052555.95,0,0
16,CASH_OUT,7048.04,C718295928,0.0,0.0,C1892776528,233405.8,240453.84,0,0
39,TRANSFER,268683.14,C649870857,0.0,0.0,C1120431208,524797.57,1137577.15,0,0
40,TRANSFER,8434.97,C1774521890,0.0,0.0,C1202666183,362258.9,370693.86,0,0
8,CASH_OUT,17696.79,C1467269853,22321.0,4624.21,C807247901,218703.0,2080368.86,0,0
37,CASH_OUT,19631.61,C384567770,0.0,0.0,C675483433,738588.39,758219.99,0,0
45,CASH_OUT,506220.34,C1749661734,0.0,0.0,C115334369,1831601.83,2337822.17,0,0
10,CASH_OUT,101347.71,C1593027423,0.0,0.0,C1469682037,974321.69,1075669.4,0,0
77,CASH_OUT,819048.34,C48810852,819048.34,0.0,C1460010933,1104098.69,1923147.03,1,0
10,CASH_OUT,30476.81,C1519474480,0.0,0.0,C1482560677,149396.1,12215.39,0,0
43,TRANSFER,580976.23,C1045846816,0.0,0.0,C171730324,1036827.42,1617803.66,0,0
8,CASH_OUT,189556.86,C864936220,432238.94,242682.08,C777863332,341432.53,585930.77,0,0
19,CASH_OUT,260528.03,C76972765,12525.0,0.0,C384463629,0.0,260528.03,0,0
41,CASH_OUT,581889.94,C541992132,581889.94,0.0,C715094437,359585.03,941474.97,1,0
20,CASH_OUT,328374.45,C1437761422,0.0,0.0,C1215409003,873997.0,1391797.83,0,0
35,TRANSFER,171124.05,C1107831069,0.0,0.0,C1393612077,9669299.08,9840423.13,0,0
16,CASH_OUT,267290.1,C1588523511,9462.0,0.0,C1341708445,69481.44,336771.55,0,0
12,CASH_OUT,229250.65,C1791845207,0.0,0.0,C2042515866,1947206.29,2176456.93,0,0
40,CASH_OUT,167334.27,C65976900,0.0,0.0,C78420434,359031.38,526365.65,0,0
43,TRANSFER,652910.12,C1466943560,0.0,0.0,C879842,2381624.92,3034535.04,0,0
40,CASH_OUT,226926.0,C534538260,0.0,0.0,C365089895,1085588.56,1312514.56,0,0
35,CASH_OUT,151190.87,C330635822,10924.0,0.0,C1705731599,1735343.55,1886534.43,0,0
46,TRANSFER,313969.34,C1909815308,206256.0,0.0,C34051885,0.0,313969.34,0,0
18,CASH_OUT,94163.05,C2050142218,0.0,0.0,C2090630870,402108.62,849350.51,0,0
15,TRANSFER,1379617.34,C1430668097,211272.81,0.0,C976144053,2586955.92,3966573.26,0,0
38,TRANSFER,21367.0,C1884262933,21367.0,0.0,C69223691,0.0,0.0,1,0
36,CASH_OUT,171453.2,C2074370471,118095.0,0.0,C1327846376,119311.09,290764.29,0,0
18,TRANSFER,414278.44,C1484535212,0.0,0.0,C660981056,2334456.15,2512396.22,0,0
14,CASH_OUT,75932.18,C1831351714,0.0,0.0,C615274490,261895.11,417179.43,0,0
13,CASH_OUT,127770.0,C1500242871,0.0,0.0,C1435363761,2029687.73,1893968.24,0,0
41,TRANSFER,71783.71,C1454716294,5187.0,0.0,C734211754,1417223.31,1489007.02,0,0
14,CASH_OUT,15562.82,C57518113,796.0,0.0,C1957476230,6251266.02,6266828.84,0,0
39,TRANSFER,339561.6,C610804120,0.0,0.0,C281011897,3148288.56,3487850.17,0,0
36,TRANSFER,55696.04,C790280091,0.0,0.0,C355530332,1155132.93,1269870.5,0,0
43,TRANSFER,362152.77,C1484448573,362152.77,0.0,C1911678087,0.0,0.0,1,0
16,CASH_OUT,407714.22,C346212692,0.0,0.0,C107088040,941988.19,1349702.41,0,0
16,CASH_OUT,432673.78,C1809467068,12450.0,0.0,C189059537,0.0,0.0,0,0
6,CASH_OUT,17246.0,C1484518113,17246.0,0.0,C978609035,0.0,17246.0,1,0
14,CASH_OUT,25047.91,C323013445,0.0,0.0,C1508275623,1300165.92,1325213.83,0,0
12,CASH_OUT,107211.17,C1403306803,0.0,0.0,C1626258163,316107.3,423318.48,0,0
37,TRANSFER,173981.47,C1900303642,0.0,0.0,C1987773788,1006445.26,1458450.39,0,0
38,TRANSFER,189964.14,C594120552,0.0,0.0,C619425560,227297.9,323472.91,0,0
13,CASH_OUT,303003.75,C357163495,249.0,0.0,C1700412357,4440100.9,4743104.65,0,0
15,TRANSFER,478296.84,C1483790128,0.0,0.0,C1092740992,2011789.19,2490086.04,0,0
10,TRANSFER,103060.33,C121114591,0.0,0.0,C1740133606,1228066.12,1654395.32,0,0
16,CASH_OUT,103451.82,C1358388045,902394.92,798943.1,C1262582882,340925.48,444377.3,0,0
42,CASH_OUT,225665.64,C1981562097,69894.0,0.0,C1439007204,3919828.73,4145494.37,0,0
14,TRANSFER,711494.58,C890510041,119490.0,0.0,C1110044516,0.0,711494.58,0,0
42,CASH_OUT,369480.05,C1709880392,20564.0,0.0,C1885759044,65008.64,809763.08,0,0
44,CASH_OUT,15718.63,C1951084888,0.0,0.0,C889356135,391008.22,406726.86,0,0
17,TRANSFER,437670.61,C186714713,14523.61,0.0,C285187535,533435.27,971105.89,0,0
69,TRANSFER,5521483.54,C505397169,5521483.54,0.0,C599233021,0.0,0.0,1,0
44,CASH_OUT,391595.78,C1405302897,0.0,0.0,C30862404,1668443.5,2060039.28,0,0
22,TRANSFER,383580.24,C24946043,0.0,0.0,C948734440,1920388.72,2303968.96,0,0
42,CASH_OUT,24044.6,C182825646,113449.0,89404.4,C534355465,66419.64,90464.23,0,0
18,CASH_OUT,1144089.37,C1542410200,1144089.37,0.0,C183389809,2502877.26,3879210.29,1,0
23,CASH_OUT,196998.62,C1727254253,0.0,0.0,C316681566,625702.1,822700.72,0,0
33,CASH_OUT,113123.06,C1645450101,30243.0,0.0,C1619832232,0.0,113123.06,0,0
11,CASH_OUT,285365.51,C97810592,147.0,0.0,C211193214,0.0,505912.83,0,0
9,CASH_OUT,24130.22,C687152353,15732.0,0.0,C1205778254,0.0,0.0,0,0
76,TRANSFER,9917.27,C1267158518,9917.27,0.0,C1985253789,0.0,0.0,1,0
45,CASH_OUT,262333.57,C1214634681,28505.0,0.0,C2059730920,1410850.01,1673183.58,0,0
13,CASH_OUT,181048.29,C1542486318,0.0,0.0,C96658980,319024.31,500072.6,0,0
44,CASH_OUT,142732.37,C2091875951,94836.0,0.0,C1508964961,5643713.48,5786445.85,0,0
43,CASH_OUT,80962.11,C566055886,0.0,0.0,C1380556326,4169048.93,4250011.04,0,0
36,CASH_OUT,32449.94,C936871240,167.0,0.0,C436103548,76977.17,109427.11,0,0
34,CASH_OUT,75353.3,C349069111,977.0,0.0,C1794787901,108815.13,184168.43,0,0
12,CASH_OUT,171652.01,C1281684219,837.0,0.0,C946868658,1009.0,70789.88,0,0
79,CASH_OUT,61178.51,C216625470,61178.51,0.0,C1897901588,238787.35,299965.86,1,0
42,CASH_OUT,98846.44,C1738309882,0.0,0.0,C2147402199,1258865.12,1357711.56,0,0
39,CASH_OUT,766654.15,C1188133343,26179.0,0.0,C530988212,1862166.94,2670258.79,0,0
34,CASH_OUT,287877.24,C371938816,4471.97,0.0,C1136492228,6436350.87,6724228.12,0,0
9,CASH_OUT,212486.86,C1725334037,0.0,0.0,C1987075127,19620072.11,19832558.97,0,0
15,TRANSFER,600833.2,C1114025428,548380.76,0.0,C1043694287,2563048.65,3163881.85,0,0
94,CASH_OUT,48414.84,C1378294033,883.0,0.0,C682364552,328995.01,377409.84,0,0
10,CASH_OUT,665585.14,C1165919383,0.0,0.0,C1416152350,1783159.46,2564067.44,0,0
18,CASH_OUT,9663.11,C61659157,34233.0,24569.89,C1059703792,112689.29,200664.39,0,0
35,CASH_OUT,69282.25,C1172368720,0.0,0.0,C2134054685,7705641.63,8470636.76,0,0
12,CASH_OUT,294653.03,C1411043160,0.0,0.0,C306978856,1911550.84,2206203.86,0,0
42,CASH_OUT,117895.2,C652926791,90379.0,0.0,C343192493,17795.93,135691.13,0,0
90,TRANSFER,703833.48,C199695016,703833.48,0.0,C1584778754,0.0,0.0,1,0
16,CASH_OUT,96199.75,C1983507224,22587.0,0.0,C892223329,124787.22,633105.65,0,0
42,CASH_OUT,284604.24,C1554889164,103246.0,0.0,C129568682,994461.4,1279065.64,0,0
36,CASH_OUT,249607.36,C375232804,72433.0,0.0,C649198070,0.0,249607.36,0,0
37,CASH_OUT,54174.26,C721505636,0.0,0.0,C1230849966,2349640.28,2403814.54,0,0
14,CASH_OUT,528588.79,C1645475653,5052.0,0.0,C349288990,30706.0,1376142.02,0,0
89,CASH_OUT,43928.31,C2129914105,43928.31,0.0,C170080123,0.0,43928.31,1,0
45,CASH_OUT,217255.97,C1291131466,217255.97,0.0,C1786011910,2115234.86,2332490.82,1,0
19,CASH_OUT,33527.02,C1362314275,0.0,0.0,C1685770988,338861.79,372388.81,0,0
94,CASH_OUT,289228.58,C305740774,0.0,0.0,C157804882,494112.45,783341.03,0,0
10,CASH_OUT,179212.02,C52919189,741.0,0.0,C1816585765,0.0,279746.02,0,0
20,CASH_OUT,77052.62,C842289832,3628.0,0.0,C1688209895,1319591.73,1396644.35,0,0
11,CASH_OUT,90696.95,C1954129130,0.0,0.0,C174814262,167754.57,631103.16,0,0
36,CASH_OUT,259716.33,C1309241988,63888.0,0.0,C1423245103,96750.6,543270.29,0,0
36,CASH_OUT,221820.36,C1020638476,0.0,0.0,C1789226578,239416.63,461236.99,0,0
45,TRANSFER,5188875.35,C1556710652,5188875.35,0.0,C1264872013,0.0,0.0,1,0
17,TRANSFER,1177501.6,C2069915865,4043.0,0.0,C475453417,0.0,1020691.8,0,0
19,CASH_OUT,78346.77,C1543637803,695679.45,617332.68,C1912595328,0.0,179475.05,0,0
15,CASH_OUT,266606.72,C957045933,0.0,0.0,C344143599,502652.64,769259.36,0,0
12,CASH_OUT,421151.04,C2122308455,105198.14,0.0,C1986727042,116416.12,678860.88,0,0
13,TRANSFER,478866.95,C1815520696,91197.0,0.0,C1222565867,130892.95,609759.9,0,0
21,CASH_OUT,277184.43,C163213608,0.0,0.0,C2008195730,529433.51,806617.94,0,0
19,CASH_OUT,345442.9,C1672948003,14137.0,0.0,C720023548,0.0,345442.9,0,0
14,CASH_OUT,223186.83,C1292863375,40379.0,0.0,C155237847,2768327.88,2996137.46,0,0
17,CASH_OUT,4562.82,C132557877,0.0,0.0,C740842038,730992.38,584003.11,0,0
35,CASH_OUT,62203.82,C2060906105,115.0,0.0,C82437048,640778.42,702982.24,0,0
9,CASH_OUT,533948.96,C1251677662,0.0,0.0,C1849941462,3437141.3,5402087.63,0,0
9,TRANSFER,588558.65,C1494698355,0.0,0.0,C1816757085,14283867.21,15197761.94,0,0
19,CASH_OUT,344395.96,C1475865441,31310.0,0.0,C1259271580,0.0,127650.5,0,0
12,CASH_OUT,14441.9,C265678819,12883.0,0.0,C621136295,20159.0,0.0,0,0
11,CASH_OUT,279119.81,C1968216805,703.0,0.0,C432754814,0.0,325749.16,0,0
19,CASH_OUT,75199.32,C144895650,0.0,0.0,C1078598343,3476836.54,3552035.86,0,0
13,CASH_OUT,50306.29,C1034880386,0.0,0.0,C1209957098,364565.79,414872.08,0,0
18,TRANSFER,561526.71,C117164727,0.0,0.0,C2013020089,931610.14,1493136.85,0,0
41,TRANSFER,940758.85,C1858462231,180.0,0.0,C1720620090,0.0,940758.85,0,0
16,CASH_OUT,304710.17,C1178197888,21559.0,0.0,C349371600,167224.19,771591.25,0,0
44,CASH_OUT,81512.17,C2138307130,17767.0,0.0,C288383366,0.0,81512.17,0,0
13,CASH_OUT,68200.05,C831468589,0.0,0.0,C853932876,2318937.48,2387137.54,0,0
1,CASH_OUT,118753.07,C1596009860,0.0,0.0,C1256728724,154416.74,69756.86,0,0
40,CASH_OUT,211342.98,C493671595,255020.0,43677.02,C1820493133,640889.57,852232.55,0,0
53,CASH_OUT,3640271.29,C108318597,3640271.29,0.0,C1038092429,6525.95,3646797.25,1,0
33,TRANSFER,158274.32,C1028358419,0.0,0.0,C548025730,1869242.85,2027517.17,0,0
39,CASH_OUT,134138.43,C412655423,52996.0,0.0,C950245761,0.0,134138.43,0,0
44,CASH_OUT,20426.12,C735009716,0.0,0.0,C1366632390,691900.29,712326.41,0,0
15,CASH_OUT,270057.26,C307251115,0.0,0.0,C280571438,632476.47,902533.73,0,0
15,TRANSFER,796915.09,C1432243429,0.0,0.0,C591818840,4083018.27,4765348.63,0,0
42,TRANSFER,125195.2,C1631784842,42125.0,0.0,C3923670,0.0,125195.2,0,0
20,CASH_OUT,152073.64,C607326685,125977.0,0.0,C1076444503,0.0,152073.64,0,0
34,CASH_OUT,265635.8,C1394149492,4665.88,0.0,C313857348,805453.57,1071089.37,0,0
34,CASH_OUT,226499.17,C2110994768,388.0,0.0,C386191921,0.0,226499.17,0,0
45,CASH_OUT,113427.62,C159957817,283969.0,170541.38,C1697217302,0.0,113427.62,0,0
10,CASH_OUT,59835.0,C1020461364,59835.0,0.0,C2144015041,255480.76,315315.76,1,0
34,CASH_OUT,56411.37,C1170161269,0.0,0.0,C1674819984,551777.51,608188.88,0,0
1,CASH_OUT,25071.46,C1275464847,25071.46,0.0,C1364913072,9083.76,34155.22,1,0
18,CASH_OUT,169018.2,C1413125813,0.0,0.0,C861361958,331751.67,733460.0,0,0
19,CASH_OUT,215978.81,C1993522132,3520.0,0.0,C16880623,441670.2,657649.01,0,0
14,CASH_OUT,109214.83,C1456795467,107332.0,0.0,C602316270,326751.87,435966.71,0,0
11,CASH_OUT,314905.18,C1059832475,184666.0,0.0,C1089094105,31581.63,258862.97,0,0
40,CASH_OUT,170851.28,C472234475,0.0,0.0,C740073967,190903.45,774231.73,0,0
10,CASH_OUT,81476.37,C1376917164,0.0,0.0,C1931460274,102869.0,184345.37,0,0
14,CASH_OUT,166901.39,C1334151757,0.0,0.0,C1145417723,414867.71,581769.1,0,0
36,CASH_OUT,819503.92,C510717698,819503.92,0.0,C1469248112,255585.23,1470226.48,1,0
27,TRANSFER,1218165.88,C361429301,1218165.88,0.0,C550179566,0.0,0.0,1,0
19,CASH_OUT,184614.76,C717997138,74866.0,0.0,C26097518,0.0,241351.09,0,0
43,CASH_OUT,29205.39,C1937564054,2711.0,0.0,C806252226,1558317.15,1587522.54,0,0
61,TRANSFER,37720.99,C2113787126,37720.99,0.0,C2003052554,0.0,0.0,1,0
18,TRANSFER,11481.0,C370107492,11481.0,0.0,C1680789799,0.0,263492.28,1,0
45,CASH_OUT,267240.09,C1685498528,12554.0,0.0,C17603120,217476.33,484716.43,0,0
40,TRANSFER,828682.03,C785536998,20315.0,0.0,C1719169705,54914.5,883596.53,0,0
9,CASH_OUT,118744.2,C1894286890,30.0,0.0,C1810132623,22736.93,141481.13,0,0
94,CASH_OUT,97020.0,C629398796,0.0,0.0,C776308039,5194395.05,5291415.04,0,0
10,CASH_OUT,141517.36,C1692436612,173800.88,32283.52,C2011860169,709378.47,851484.29,0,0
15,CASH_OUT,52389.82,C1545011668,0.0,0.0,C1256710889,539077.21,613378.66,0,0
16,TRANSFER,1088640.74,C690670107,6095.0,0.0,C701975891,1980247.08,3068887.83,0,0
18,CASH_OUT,165442.51,C1644809612,9630.0,0.0,C1832123753,0.0,165442.51,0,0
18,TRANSFER,333417.94,C2114438827,0.0,0.0,C242828577,1019076.11,2043686.22,0,0
41,CASH_OUT,129081.0,C1268976760,0.0,0.0,C549174856,337297.11,466378.11,0,0
11,CASH_OUT,425240.4,C216310411,9060.0,0.0,C810367799,2462055.14,2555008.68,0,0
19,CASH_OUT,110544.99,C1563618438,1344.0,0.0,C816730097,1915746.75,2671315.38,0,0
43,CASH_OUT,18824.24,C1043007180,0.0,0.0,C670342028,3386809.4,3405633.64,0,0
19,CASH_OUT,44823.29,C875447432,0.0,0.0,C1360302218,462154.27,506977.56,0,0
14,TRANSFER,49018.62,C693208718,0.0,0.0,C701855966,2136303.24,2185321.86,0,0
15,CASH_OUT,151904.24,C1745844471,0.0,0.0,C1994700256,3981643.35,4133547.59,0,0
17,CASH_OUT,54030.29,C1042923773,0.0,0.0,C1884151725,779360.73,909224.35,0,0
15,CASH_OUT,255718.86,C91922005,120759.0,0.0,C121628080,2325135.61,2808456.34,0,0
20,CASH_OUT,111708.17,C755730549,0.0,0.0,C1774852871,609020.85,720729.02,0,0
37,CASH_OUT,319861.48,C412588644,0.0,0.0,C1210512093,330651.68,650513.16,0,0
15,CASH_OUT,582850.39,C1166415992,0.0,0.0,C22459792,2214307.32,2797157.71,0,0
14,CASH_OUT,420650.46,C750056530,167430.0,0.0,C211528162,2958624.66,3379275.12,0,0
20,CASH_OUT,97256.86,C776189147,0.0,0.0,C174487779,595896.14,711716.38,0,0
15,TRANSFER,534316.05,C112126186,0.0,0.0,C1870129829,1828874.97,2010730.11,0,0
38,CASH_OUT,20980.75,C976926297,0.0,0.0,C1373442423,148252.81,577202.72,0,0
46,CASH_OUT,32572.07,C1264967845,0.0,0.0,C2084023047,102312.6,134884.67,0,0
30,TRANSFER,122235.11,C1279213624,122235.11,0.0,C2100791242,0.0,0.0,1,0
35,CASH_OUT,83447.91,C1525597547,15648.0,0.0,C395456571,100756.44,184204.35,0,0
19,CASH_OUT,59485.73,C2124909206,0.0,0.0,C283595663,305354.62,0.0,0,0
95,TRANSFER,389174.59,C803398457,0.0,0.0,C1007392017,526053.26,915227.85,0,0
20,TRANSFER,1122689.02,C1519410657,10258.0,0.0,C64193700,247107.11,1369796.13,0,0
35,CASH_OUT,134021.08,C581732551,131.0,0.0,C1560693372,0.0,134021.08,0,0
38,TRANSFER,90204.54,C151033820,90204.54,0.0,C1303889891,0.0,0.0,1,0
20,CASH_OUT,134426.03,C89571907,14475.0,0.0,C371892647,4403.0,110079.7,0,0
43,CASH_OUT,97908.08,C855128093,1668.0,0.0,C200678554,0.0,97908.08,0,0
13,CASH_OUT,297837.57,C1991753198,177127.0,0.0,C1868832094,368439.4,666276.98,0,0
21,CASH_OUT,397223.92,C340263021,0.0,0.0,C428235199,1480202.27,1901741.18,0,0
33,CASH_OUT,53533.47,C1967463622,0.0,0.0,C1936854729,580465.95,633999.42,0,0
18,CASH_OUT,172179.27,C1503806917,18535.0,0.0,C1439026426,0.0,257638.14,0,0
13,CASH_OUT,473365.12,C1702732349,20256.0,0.0,C345691183,298555.82,907385.3,0,0
43,TRANSFER,87242.28,C1068583195,0.0,0.0,C2082113766,3358399.7,3393499.04,0,0
43,CASH_OUT,170521.32,C1939989643,61434.0,0.0,C246537685,132313.88,302835.2,0,0
25,CASH_OUT,1698263.69,C902520408,1698263.69,0.0,C1047966944,0.0,1698263.69,1,0
44,CASH_OUT,137909.71,C1531182398,118382.22,0.0,C163710386,2458763.3,2596673.0,0,0
42,CASH_OUT,334276.08,C1006070662,334276.08,0.0,C1475265472,318089.61,652365.68,1,0
37,CASH_OUT,341992.02,C16281663,1152201.71,810209.7,C1289868018,402008.09,744000.11,0,0
37,CASH_OUT,95707.67,C1605382575,0.0,0.0,C1181895452,173682.22,269389.89,0,0
22,CASH_OUT,25711.28,C468616149,170980.0,145268.72,C675087100,3265433.76,3291145.04,0,0
14,CASH_OUT,10116.81,C1315306098,13955.0,3838.19,C213479863,1178.0,0.0,0,0
14,TRANSFER,122303.06,C1673854976,0.0,0.0,C1934714849,3142002.36,3264305.42,0,0
65,CASH_OUT,174923.28,C1061805919,174923.28,0.0,C1217320472,0.0,174923.28,1,0
13,CASH_OUT,34081.74,C37632670,0.0,0.0,C1012209569,117011.97,151093.72,0,0
13,CASH_OUT,217663.72,C1378599884,118689.0,0.0,C417147654,53494.03,271157.75,0,0
40,TRANSFER,28681.01,C1861294692,5549.0,0.0,C893640136,195838.45,67078.53,0,0
44,CASH_OUT,16644.75,C920055145,20471.0,3826.25,C1508437022,14795.26,31440.01,0,0
36,TRANSFER,642022.0,C346346364,14486.0,0.0,C1384834731,0.0,642022.0,0,0
11,CASH_OUT,500297.08,C1846205714,29209.0,0.0,C1779715197,405058.73,1260263.51,0,0
42,TRANSFER,1413946.21,C1664088751,178219.07,0.0,C1491679067,345287.87,1759234.07,0,0
21,CASH_OUT,45464.12,C141170778,131313.0,85848.88,C1113253361,1382825.99,1270723.82,0,0
14,CASH_OUT,13338.37,C878378665,0.0,0.0,C986918482,354128.32,130270.21,0,0
43,CASH_OUT,505281.12,C1240987249,0.0,0.0,C169297959,1612440.38,2117721.51,0,0
39,CASH_OUT,46527.87,C426260822,0.0,0.0,C632282680,5936556.39,5983084.26,0,0
18,TRANSFER,222225.84,C926764926,0.0,0.0,C27164473,1068733.29,1290959.12,0,0
18,TRANSFER,151331.41,C1039987908,25029.87,0.0,C915825919,636919.06,788250.47,0,0
14,CASH_OUT,161822.97,C177523609,0.0,0.0,C1853288514,457193.11,176892.49,0,0
42,CASH_OUT,349976.29,C1339942095,0.0,0.0,C1932062101,2033630.61,2383606.9,0,0
66,CASH_OUT,2322909.69,C548911578,2322909.69,0.0,C1075176822,875613.05,3198522.74,1,0
17,CASH_OUT,220410.64,C2132911426,965.0,0.0,C1160962506,284681.66,505092.31,0,0
40,CASH_OUT,111576.33,C1909661271,20358.0,0.0,C675013446,131919.24,243495.57,0,0
20,CASH_OUT,262165.4,C1085164174,0.0,0.0,C1799127357,4253173.68,4515339.08,0,0
19,CASH_OUT,145523.37,C1237586069,0.0,0.0,C697281164,699317.06,844840.44,0,0
91,TRANSFER,482679.6,C822183230,482679.6,0.0,C1393101702,0.0,0.0,1,0
13,CASH_OUT,163567.04,C1206101806,0.0,0.0,C667529162,576144.11,975981.28,0,0
37,TRANSFER,271482.28,C446113729,0.0,0.0,C1579206926,4395761.06,4667243.34,0,0
12,CASH_OUT,210512.4,C2045678507,730.0,0.0,C959160265,8082875.67,8139781.69,0,0
18,CASH_OUT,147871.43,C1995819797,0.0,0.0,C94760176,1376029.16,1566556.46,0,0
15,CASH_OUT,89964.95,C397158253,0.0,0.0,C1117692016,740581.53,644444.11,0,0
19,TRANSFER,165237.14,C282817828,141486.46,0.0,C1979722084,415567.86,580805.0,0,0
20,CASH_OUT,97518.33,C747210151,3267.0,0.0,C795129198,9809.94,107328.27,0,0
10,CASH_OUT,143061.44,C2134934233,0.0,0.0,C974485162,205137.15,348198.59,0,0
19,CASH_OUT,80339.67,C1334241215,43015.71,0.0,C926045536,10720873.61,10801213.28,0,0
21,CASH_OUT,45951.74,C1596093426,0.0,0.0,C2145620907,58767.44,104719.18,0,0
42,CASH_OUT,148067.35,C665489035,0.0,0.0,C1771388136,977329.64,1249742.15,0,0
13,TRANSFER,548296.94,C1443856585,0.0,0.0,C1712003741,2760029.45,2806924.55,0,0
38,TRANSFER,67063.61,C1838910222,0.0,0.0,C385968765,2996738.3,3063801.91,0,0
33,CASH_OUT,37776.86,C279321125,11364.0,0.0,C1371913350,0.0,37776.86,0,0
95,CASH_OUT,655676.97,C1072220674,655676.97,0.0,C2110200242,53614.28,709291.25,1,0
41,CASH_OUT,350485.96,C1762822470,12517.0,0.0,C452365814,3134139.93,3484625.89,0,0
9,CASH_OUT,306999.63,C1095825711,0.0,0.0,C1686218230,29756.0,598025.05,0,0
44,TRANSFER,524823.87,C616138410,0.0,0.0,C957705094,2929537.45,3454361.33,0,0
35,CASH_OUT,277315.29,C1611523642,56473.0,0.0,C1967923026,0.0,277315.29,0,0
40,CASH_OUT,116093.63,C1160408182,384.0,0.0,C813214149,299362.45,415456.08,0,0
9,CASH_OUT,209000.55,C1324362180,0.0,0.0,C1251600325,1211199.96,2125252.21,0,0
45,CASH_OUT,38921.86,C1756309718,227492.95,188571.08,C929086121,1067830.86,1106752.73,0,0
25,TRANSFER,781953.11,C763225876,781953.11,0.0,C1927695058,0.0,0.0,1,0
42,CASH_OUT,8171.02,C948563894,14607.0,6435.98,C45287392,1191104.93,1252135.02,0,0
44,CASH_OUT,188432.08,C364412807,8198.0,0.0,C1827786059,7215021.49,7403453.57,0,0
34,CASH_OUT,150656.62,C914777648,0.0,0.0,C347981017,183206.89,518240.31,0,0
40,CASH_OUT,206630.4,C2141903823,0.0,0.0,C1023881175,2038993.03,2245623.43,0,0
20,CASH_OUT,146083.8,C935756481,8453.0,0.0,C1635116558,0.0,146083.8,0,0
17,CASH_OUT,247417.14,C1970526392,7247.0,0.0,C1735811512,0.0,305438.97,0,0
31,TRANSFER,120406.39,C237098657,120406.39,0.0,C1177827371,0.0,0.0,1,0
37,TRANSFER,1197966.18,C980209857,51441.0,0.0,C900325371,1588028.41,2785994.59,0,0
40,TRANSFER,52315.5,C1965777418,0.0,0.0,C429901391,1120436.04,1172751.54,0,0
10,CASH_OUT,69440.48,C1333272047,0.0,0.0,C1381128261,688490.0,757930.48,0,0
95,CASH_OUT,380798.54,C11966142,0.0,0.0,C1812694330,1137583.15,1518381.69,0,0
18,CASH_OUT,183902.64,C2029591068,11463.0,0.0,C214581584,3099432.68,3383419.87,0,0
35,CASH_OUT,269397.67,C233910782,5036.0,0.0,C462877022,107987.12,377384.79,0,0
7,TRANSFER,599342.88,C1340283293,51763.0,0.0,C2117043942,59566.12,148900.44,0,0
10,CASH_OUT,53503.43,C1951080601,0.0,0.0,C1654982689,360366.3,598353.6,0,0
18,CASH_OUT,113468.5,C1561415783,0.0,0.0,C735497575,1609461.95,1825082.15,0,0
14,CASH_OUT,145773.25,C639438121,10621.0,0.0,C457781839,0.0,84208.0,0,0
39,CASH_OUT,325019.43,C695814556,970496.0,645476.57,C835026436,145645.11,91693.74,0,0
74,TRANSFER,85637.08,C1809932675,85637.08,0.0,C1098977292,0.0,0.0,1,0
19,TRANSFER,1242055.47,C1725944364,12225.0,0.0,C1385161779,883761.29,2125816.76,0,0
95,CASH_OUT,111046.45,C1943757902,0.0,0.0,C2005248229,387912.41,498958.86,0,0
94,TRANSFER,8530.81,C760738813,0.0,0.0,C182874879,696634.06,705164.87,0,0
44,CASH_OUT,185364.05,C1258709469,205861.21,20497.16,C20549530,5036466.56,5221830.61,0,0
43,CASH_OUT,137930.8,C673595100,0.0,0.0,C1230871015,1631050.56,1768981.36,0,0
9,TRANSFER,967599.23,C1602781360,55018.0,0.0,C984677901,267.0,1177760.3,0,0
13,TRANSFER,1534096.46,C914676322,0.0,0.0,C1810510489,2677345.94,4211442.4,0,0
10,CASH_OUT,160429.71,C453496909,1016.0,0.0,C537033502,429582.94,595257.09,0,0
13,CASH_OUT,84683.32,C1132072235,175.0,0.0,C966361437,356.52,85039.85,0,0
10,TRANSFER,637055.48,C1212774061,30220.0,0.0,C90761070,21813.0,1474253.57,0,0
15,CASH_OUT,121725.22,C504344045,261.0,0.0,C1172225915,0.0,121725.22,0,0
41,CASH_OUT,164399.37,C2077696831,140.0,0.0,C231360598,1819618.11,1984017.48,0,0
12,CASH_OUT,117149.37,C1397835446,0.0,0.0,C120041568,544518.09,661667.46,0,0
41,CASH_OUT,96354.12,C1442297512,419320.0,322965.88,C1819960889,68863.53,165217.65,0,0
42,CASH_OUT,94314.34,C1994149489,40887.0,0.0,C1195788513,527836.7,622151.04,0,0
14,CASH_OUT,32240.08,C349368692,0.0,0.0,C1426317832,640987.39,731389.87,0,0
9,CASH_OUT,216474.83,C64868281,9478.0,0.0,C1451445117,102109.0,633135.63,0,0
34,CASH_OUT,110431.79,C1665567461,0.0,0.0,C1654561111,131011.63,241443.41,0,0
10,TRANSFER,93810.76,C481501970,93810.76,0.0,C1262577882,0.0,0.0,1,0
17,CASH_OUT,161780.85,C1345088786,32493.0,0.0,C958753298,0.0,179073.59,0,0
43,TRANSFER,473930.8,C1369661088,21303.0,0.0,C2130522281,12089.28,486020.08,0,0
14,CASH_OUT,63342.56,C2042686151,0.0,0.0,C1958561859,98749.81,273380.49,0,0
43,TRANSFER,27440.53,C705476950,0.0,0.0,C811272216,1858658.72,1886099.25,0,0
48,TRANSFER,147267.01,C1261933788,147267.01,0.0,C1058127621,0.0,0.0,1,0
8,CASH_OUT,250772.37,C1617635611,6211.0,0.0,C314019925,0.0,493579.15,0,0
66,TRANSFER,548269.98,C172609143,548269.98,0.0,C106756368,0.0,0.0,1,0
17,CASH_OUT,178032.01,C585012676,13999.0,0.0,C1547713771,375712.37,553744.38,0,0
39,CASH_OUT,10491.89,C806388205,843.0,0.0,C107908002,242217.05,252708.94,0,0
9,CASH_OUT,51283.9,C1097274839,0.0,0.0,C1777285191,278244.93,310605.99,0,0
21,CASH_OUT,321281.28,C1593891840,0.0,0.0,C2089313881,634211.02,911277.58,0,0
40,CASH_OUT,70196.54,C44944343,0.0,0.0,C221201389,263180.27,333376.81,0,0
20,CASH_OUT,209056.73,C1215496690,0.0,0.0,C2057720522,1569292.36,1778349.09,0,0
20,CASH_OUT,6165.89,C1348783327,817518.44,811352.55,C1828338172,9870.38,16036.28,0,0
15,CASH_OUT,46039.05,C687294730,0.0,0.0,C1736009915,162638.68,383512.79,0,0
36,TRANSFER,1558209.46,C1073768495,85739.0,0.0,C2017318515,214183.06,1772392.51,0,0
2,TRANSFER,18627.02,C1375503918,18627.02,0.0,C234430897,0.0,0.0,1,0
10,CASH_OUT,113702.48,C1443518421,0.0,0.0,C1006214893,483187.13,596889.61,0,0
16,CASH_OUT,94589.15,C1770576204,0.0,0.0,C1358870266,923913.39,1121698.87,0,0
42,CASH_OUT,84927.26,C1940110933,0.0,0.0,C1867101135,351424.12,436351.39,0,0
43,CASH_OUT,633252.98,C1182574283,0.0,0.0,C461204929,1970601.5,2603854.48,0,0
42,TRANSFER,676855.71,C1976769916,36083.34,0.0,C567352181,2968670.02,3645525.73,0,0
15,TRANSFER,119.0,C1995557473,119.0,0.0,C1480876722,0.0,0.0,1,0
19,CASH_OUT,217165.46,C1961520968,125702.0,0.0,C504454596,142092.95,517189.2,0,0
17,CASH_OUT,364476.57,C1415634484,0.0,0.0,C34016358,3521588.56,3886065.13,0,0
18,CASH_OUT,342698.61,C656478659,0.0,0.0,C1849273476,2605966.64,3299366.3,0,0
9,CASH_OUT,113562.98,C2076447425,0.0,0.0,C1635341595,7431956.53,10201783.05,0,0
41,CASH_OUT,369199.29,C968439671,249549.0,0.0,C1645732584,477690.37,846889.65,0,0
14,CASH_OUT,85176.78,C273939798,14476.0,0.0,C2077241551,0.0,85176.78,0,0
40,CASH_OUT,127607.73,C776340111,32700.0,0.0,C1174884847,6865.87,134473.6,0,0
10,TRANSFER,486108.42,C324984695,49722.0,0.0,C974975026,0.0,685180.43,0,0
35,CASH_OUT,263294.97,C2140020634,0.0,0.0,C648279997,609101.35,872396.32,0,0
44,CASH_OUT,458989.75,C2128363740,295307.44,0.0,C167998635,1582072.94,2041062.69,0,0
17,CASH_OUT,197058.3,C467228370,72037.0,0.0,C1137096674,232261.42,429319.71,0,0
15,CASH_OUT,413984.67,C2049071598,0.0,0.0,C1369286829,102596.78,516581.44,0,0
16,CASH_OUT,214503.94,C745117309,26495.0,0.0,C302079848,1056557.67,1271061.61,0,0
10,CASH_OUT,194602.58,C1531689863,17884.0,0.0,C1604271704,921436.94,1116039.52,0,0
19,CASH_OUT,202476.96,C1075023243,82984.0,0.0,C140572150,3762404.63,3843158.41,0,0
10,TRANSFER,335591.36,C1224553129,745.0,0.0,C425298744,101905.32,1312590.87,0,0
19,CASH_OUT,312259.72,C1737902556,218696.11,0.0,C1539936029,49347.25,658624.27,0,0
19,TRANSFER,37908.78,C1309517631,0.0,0.0,C1849165827,86750.51,124659.29,0,0
35,CASH_OUT,259878.37,C2109595429,96701.0,0.0,C92822703,375004.47,634882.84,0,0
22,CASH_OUT,17944.51,C506933625,0.0,0.0,C880758175,531483.29,549427.8,0,0
11,CASH_OUT,55779.45,C1674605806,99689.22,43909.77,C846876105,47622.0,103401.45,0,0
44,TRANSFER,958122.38,C1603523145,0.0,0.0,C1305039609,9945446.12,10903568.5,0,0
35,TRANSFER,1047152.81,C1314408004,59248.07,0.0,C1656470887,3793534.02,4840686.82,0,0
9,CASH_OUT,209914.95,C1642389179,6042.0,0.0,C1079930466,0.0,122193.35,0,0
38,TRANSFER,187977.64,C462244436,318016.0,130038.36,C829484352,1322840.58,1510818.21,0,0
44,CASH_OUT,36739.77,C1775954976,0.0,0.0,C154701061,2515254.55,2551994.31,0,0
41,CASH_OUT,138974.86,C559974438,248.0,0.0,C1270472284,1095420.77,1234395.63,0,0
40,CASH_OUT,78762.12,C267150341,6320.0,0.0,C318285196,10901.48,89663.6,0,0
33,CASH_OUT,281394.94,C386112377,0.0,0.0,C2021579766,10484302.35,10765697.29,0,0
12,CASH_OUT,19756.33,C1201691621,20804.0,1047.67,C2040603986,8312648.44,8332404.76,0,0
48,CASH_OUT,201313.06,C545137789,482410.0,281096.94,C1161399789,0.0,201313.06,0,0
37,TRANSFER,203861.04,C1084349595,95382.0,0.0,C570316981,0.0,203861.04,0,0
93,CASH_OUT,3723738.06,C1143980021,3723738.06,0.0,C1219235880,3216391.21,6940129.27,1,0
38,TRANSFER,1339304.97,C1668998820,25184.0,0.0,C1694174263,4571947.48,5911252.45,0,0
22,CASH_OUT,28171.4,C1517222601,10039.0,0.0,C1952965653,1048275.2,1076446.6,0,0
17,CASH_OUT,130695.71,C956229694,0.0,0.0,C201482178,2440043.22,2570738.93,0,0
42,TRANSFER,1426708.5,C1690543413,0.0,0.0,C1651497440,2750754.52,4177463.02,0,0
16,CASH_OUT,400036.9,C2052103100,66347.0,0.0,C161333069,23441.92,423478.82,0,0
11,CASH_OUT,343248.72,C1984170954,0.0,0.0,C1223591088,535197.67,989674.54,0,0
13,CASH_OUT,261439.06,C1358067220,0.0,0.0,C1370787297,1603785.79,1865224.86,0,0
66,TRANSFER,107188.41,C1876689114,107188.41,0.0,C1824138036,0.0,0.0,1,0
14,CASH_OUT,292651.74,C1047667131,12152.0,0.0,C2044792756,581338.73,1395481.79,0,0
14,TRANSFER,2093951.47,C1374377088,2093951.47,0.0,C207611232,0.0,0.0,1,0
21,CASH_OUT,197875.09,C1811968819,0.0,0.0,C1342467176,662340.29,860215.38,0,0
15,CASH_OUT,189864.54,C2044376805,185952.0,0.0,C2017421282,11007.0,200871.54,0,0
46,TRANSFER,130586.44,C475617628,0.0,0.0,C10735622,162870.2,293456.64,0,0
44,CASH_OUT,139693.97,C1433444717,3141.0,0.0,C376522895,23608.35,163302.32,0,0
20,CASH_OUT,53840.05,C954731924,267737.07,213897.02,C168484346,298238.65,352078.69,0,0
34,CASH_OUT,217821.41,C2069073392,60772.0,0.0,C1383112954,3891802.01,4109623.42,0,0
37,CASH_OUT,74603.37,C1148835704,201980.52,127377.16,C615659196,113010.0,187613.36,0,0
42,CASH_OUT,10833.51,C1536528033,0.0,0.0,C1376823539,117327.9,128161.42,0,0
16,CASH_OUT,104316.78,C1700438205,49821.0,0.0,C105197097,382.0,426236.51,0,0
40,TRANSFER,58085.36,C589754987,187966.21,129880.84,C64140252,383698.37,441783.73,0,0
21,CASH_OUT,300531.83,C950858236,0.0,0.0,C1698933873,311597.54,612129.37,0,0
11,CASH_OUT,197508.64,C557202740,0.0,0.0,C1608868083,650822.02,769779.81,0,0
12,CASH_OUT,112373.46,C291165780,0.0,0.0,C1050130498,339971.24,452344.7,0,0
36,TRANSFER,29749.07,C395836373,1281.0,0.0,C129500962,130646.55,160395.62,0,0
43,CASH_OUT,50137.02,C1337067756,11441.0,0.0,C2010722859,99259.84,149396.86,0,0
19,CASH_OUT,562685.59,C1364858598,0.0,0.0,C693130422,2328029.39,2890714.97,0,0
37,CASH_OUT,309478.54,C1262946205,202933.0,0.0,C518773073,567512.45,876990.99,0,0
93,CASH_OUT,242317.67,C1411098858,0.0,0.0,C16233551,7388277.26,7630594.92,0,0
34,CASH_OUT,403556.54,C743529032,0.0,0.0,C1378236380,1525830.27,1882979.73,0,0
16,CASH_OUT,98230.95,C36594821,0.0,0.0,C1608602720,375705.91,473936.86,0,0
19,TRANSFER,127056.67,C2023465646,0.0,0.0,C1860577650,428653.78,555710.45,0,0
17,TRANSFER,1328047.64,C1656970321,212133.0,0.0,C1069311193,21508.0,1349555.64,0,0
10,CASH_OUT,460857.41,C1616646997,52319.0,0.0,C1391397365,112336.0,1066892.44,0,0
18,CASH_OUT,296578.86,C676525229,562.0,0.0,C400640881,24913.0,385365.98,0,0
11,CASH_OUT,135164.08,C921991537,29908.0,0.0,C328239164,10297.98,145462.07,0,0
94,CASH_OUT,141172.73,C1400368464,0.0,0.0,C994230643,415340.96,556513.69,0,0
16,CASH_OUT,49903.8,C151068873,0.0,0.0,C1685697739,6178628.18,6204277.41,0,0
13,CASH_OUT,908.42,C643316510,0.0,0.0,C136247473,15793.0,0.0,0,0
20,CASH_OUT,196087.78,C1083640198,0.0,0.0,C1364262243,831982.52,1028070.3,0,0
36,TRANSFER,172605.46,C422008518,15247.0,0.0,C1854597758,166798.28,588298.4,0,0
34,TRANSFER,124103.37,C821888659,0.0,0.0,C1535294870,320541.83,444645.2,0,0
9,CASH_OUT,67317.46,C343162198,21790.0,0.0,C2071755416,7894.0,75211.46,0,0
21,CASH_OUT,44708.58,C448552275,0.0,0.0,C629831597,3801894.41,3846602.99,0,0
12,TRANSFER,366794.21,C656684825,300738.22,0.0,C1317036847,0.0,366794.21,0,0
36,CASH_OUT,269678.24,C1897394,103309.0,0.0,C100328418,81307.43,1192921.54,0,0
44,TRANSFER,81004.69,C1183199751,0.0,0.0,C1823904739,629899.46,710904.16,0,0
14,CASH_OUT,80678.79,C1994434658,0.0,0.0,C1217303067,13665476.99,13111163.8,0,0
14,CASH_OUT,202081.22,C1340204201,14628.0,0.0,C1596434999,7829.0,705492.91,0,0
44,CASH_OUT,99915.07,C1195098642,0.0,0.0,C797178742,165925.92,265840.99,0,0
95,CASH_OUT,167689.61,C430311879,0.0,0.0,C1537649620,192636.93,360326.55,0,0
8,TRANSFER,276305.76,C62162409,0.0,0.0,C2057394816,845105.89,1655161.56,0,0
40,TRANSFER,915854.34,C2062437192,49674.0,0.0,C480515926,22578.65,938432.98,0,0
13,TRANSFER,173077.01,C108896392,0.0,0.0,C595199306,1397203.98,2583992.68,0,0
34,CASH_OUT,217907.4,C762685015,31386.0,0.0,C976189423,0.0,738114.88,0,0
44,TRANSFER,926874.81,C1033773011,0.0,0.0,C1821825374,4506053.71,5432928.51,0,0
13,CASH_OUT,70503.27,C1802312373,21129.0,0.0,C2126777102,274420.21,344923.48,0,0
36,CASH_OUT,183038.02,C2111759782,0.0,0.0,C610414769,191575.55,374613.57,0,0
12,CASH_OUT,56177.16,C1477347674,0.0,0.0,C2144015041,1518050.27,1781418.44,0,0
38,CASH_OUT,125494.09,C614172027,239235.0,113740.91,C93315868,139601.51,265095.6,0,0
13,CASH_OUT,86383.04,C438184951,0.0,0.0,C1430523530,1400179.95,1486562.99,0,0
37,CASH_OUT,263583.68,C1409067636,0.0,0.0,C1035339941,342121.46,605705.13,0,0
15,TRANSFER,940793.3,C1486354528,211.0,0.0,C1269219205,0.0,1300825.54,0,0
41,CASH_OUT,29401.4,C1943909358,7602.0,0.0,C100607999,0.0,29401.4,0,0
13,CASH_OUT,369945.09,C436030929,0.0,0.0,C1105885902,519429.74,889374.83,0,0
9,CASH_OUT,172052.62,C633299237,60296.12,0.0,C2017204404,359157.66,66877.84,0,0
40,CASH_OUT,407455.22,C1686291468,13326.0,0.0,C1629577347,176702.0,584157.22,0,0
37,CASH_OUT,434264.41,C354613058,343058.08,0.0,C556812393,2189276.38,4619519.47,0,0
37,CASH_OUT,15104.39,C724474168,1129.0,0.0,C1605651913,0.0,369381.93,0,0
42,TRANSFER,434138.09,C66004150,713736.0,279597.91,C480852586,0.0,434138.09,0,0
34,CASH_OUT,226846.77,C68958315,19960.0,0.0,C619590867,0.0,226846.77,0,0
10,CASH_OUT,155986.6,C754647435,0.0,0.0,C1010737727,400868.68,448391.94,0,0
13,CASH_OUT,286142.72,C2051299562,0.0,0.0,C385236780,531253.67,817396.4,0,0
44,CASH_OUT,309851.75,C500895372,0.0,0.0,C1603812161,705646.82,1015498.56,0,0
39,CASH_OUT,63508.36,C208974566,0.0,0.0,C552496786,755054.33,818562.69,0,0
38,CASH_OUT,527909.8,C1197180840,0.0,0.0,C2102441927,775438.88,1303348.68,0,0
36,CASH_OUT,253899.63,C595940119,0.0,0.0,C495036693,1207861.63,1978182.47,0,0
20,CASH_OUT,129286.2,C1150587632,0.0,0.0,C305646302,1534226.11,1663512.3,0,0
12,CASH_OUT,179221.75,C348785818,18721.0,0.0,C1382520845,357134.41,368788.79,0,0
25,CASH_OUT,22559.38,C1754165280,0.0,0.0,C1251552280,648940.02,671499.4,0,0
14,CASH_OUT,124953.59,C96420405,0.0,0.0,C81666615,774883.05,899836.64,0,0
13,TRANSFER,1389412.07,C1520378955,0.0,0.0,C128846374,1532117.5,2921529.57,0,0
10,CASH_OUT,384975.83,C331114022,6001.0,0.0,C1246297699,0.0,58192.57,0,0
37,CASH_OUT,277249.45,C1090998934,4065.0,0.0,C1482369709,0.0,277249.45,0,0
15,CASH_OUT,98989.58,C437875326,0.0,0.0,C308484865,823430.52,1238287.52,0,0
43,TRANSFER,729470.98,C517129244,0.0,0.0,C1642652119,862549.77,1426435.19,0,0
38,CASH_OUT,273900.76,C1470278806,0.0,0.0,C1223818487,1219035.96,1492936.72,0,0
44,TRANSFER,301841.42,C595479419,22466.0,0.0,C1708731604,344861.91,646703.34,0,0
8,CASH_OUT,196762.59,C867734039,0.0,0.0,C1320515149,322640.71,1643201.26,0,0
40,CASH_OUT,105819.31,C160061952,0.0,0.0,C1702005693,275139.47,380958.78,0,0
40,CASH_OUT,415020.23,C2082406523,15966.0,0.0,C791106926,291309.25,706329.48,0,0
11,CASH_OUT,117516.27,C493193784,0.0,0.0,C2030602460,1135629.28,994972.88,0,0
10,CASH_OUT,282200.29,C937538995,46995.0,0.0,C21777308,0.0,282200.29,0,0
10,CASH_OUT,180850.89,C2138980394,0.0,0.0,C2005551176,475077.9,892836.83,0,0
43,TRANSFER,607136.2,C801380010,0.0,0.0,C956425144,611239.39,1218375.59,0,0
40,CASH_OUT,152665.73,C1470989517,588221.19,435555.45,C715094437,206919.3,359585.03,0,0
11,CASH_OUT,280879.48,C798222042,55443.0,0.0,C67087062,0.0,280879.48,0,0
44,CASH_OUT,164872.04,C382846322,0.0,0.0,C562561913,202526.0,667164.31,0,0
33,CASH_OUT,233882.67,C492833900,235385.0,1502.33,C516990910,0.0,233882.67,0,0
14,CASH_OUT,4524.14,C1655825645,19870.0,15345.86,C760153662,60009.19,88300.02,0,0
8,CASH_OUT,4046.13,C658793512,0.0,0.0,C300836639,33959.63,19979.28,0,0
36,CASH_OUT,82667.82,C1371920548,22150.0,0.0,C2013521081,849387.23,932055.06,0,0
20,CASH_OUT,47995.92,C1874106529,0.0,0.0,C86103288,71062.54,119058.45,0,0
14,TRANSFER,669899.29,C290326021,324030.89,0.0,C1124179736,687579.03,2050455.06,0,0
18,CASH_OUT,207685.45,C228347113,1916.0,0.0,C306824166,0.0,207685.45,0,0
11,CASH_OUT,104234.03,C1330543531,394676.81,290442.78,C1859482835,606857.74,711091.76,0,0
19,CASH_OUT,170934.27,C1544450014,21579.0,0.0,C385456030,0.0,170934.27,0,0
16,CASH_OUT,258590.67,C407457760,30916.0,0.0,C68788836,0.0,507499.13,0,0
35,CASH_OUT,314553.98,C1455561344,0.0,0.0,C635951151,358892.06,673446.05,0,0
18,CASH_OUT,129860.68,C689629765,195189.0,65328.32,C1900812795,0.0,32523.36,0,0
39,TRANSFER,161748.96,C1022420630,0.0,0.0,C39159998,263740.64,425489.6,0,0
20,CASH_OUT,95112.18,C1906974241,169445.0,74332.82,C888975885,0.0,95112.18,0,0
6,CASH_OUT,56195.07,C1981036429,319563.94,263368.87,C421163163,81993.37,138188.44,0,0
15,CASH_OUT,279729.84,C762285992,11391.0,0.0,C543428688,690175.19,1242819.95,0,0
8,CASH_OUT,187973.29,C1366343981,0.0,0.0,C2116802101,332317.06,1187770.16,0,0
20,CASH_OUT,233560.85,C99757014,43380.56,0.0,C822716144,303376.21,536937.06,0,0
17,CASH_OUT,25905.29,C467909922,699947.98,674042.7,C520742159,3262307.79,3288213.08,0,0
34,CASH_OUT,68838.48,C1314957783,60604.0,0.0,C1723415008,85425.6,154264.07,0,0
12,CASH_OUT,108389.06,C543717312,0.0,0.0,C1882485538,3404462.1,3512851.16,0,0
12,CASH_OUT,93349.03,C891373621,0.0,0.0,C1854925027,38946233.02,39042481.25,0,0
38,CASH_OUT,347317.69,C1519341999,5338.0,0.0,C1846741700,0.0,458246.89,0,0
18,CASH_OUT,255893.92,C2083455129,54497.0,0.0,C826138266,75299.0,331192.92,0,0
42,CASH_OUT,2175.9,C1297934923,0.0,0.0,C2095676608,600406.81,602582.71,0,0
46,CASH_OUT,67065.4,C1153694697,114147.0,47081.6,C1917600826,81845.75,148911.15,0,0
35,CASH_OUT,264047.64,C158609246,0.0,0.0,C1501460927,640205.48,904253.12,0,0
37,CASH_OUT,356586.08,C1104804351,0.0,0.0,C2101791865,796722.43,1153308.51,0,0
18,CASH_OUT,297499.41,C423744732,76009.0,0.0,C1968725073,0.0,586721.25,0,0
42,CASH_OUT,69630.19,C921559813,1123.0,0.0,C1710707794,2723232.92,3176498.41,0,0
44,CASH_OUT,59618.97,C229975988,17014.0,0.0,C1488359768,0.0,59618.97,0,0
66,CASH_OUT,3444943.59,C127639062,3444943.59,0.0,C1426710143,217174.65,3662118.24,1,0
8,TRANSFER,267095.19,C751957146,19023.0,0.0,C378841819,0.0,267095.19,0,0
18,CASH_OUT,37467.3,C1515142029,503.0,0.0,C817012662,155052.56,192519.85,0,0
41,TRANSFER,294910.18,C1056306283,250905.0,0.0,C1655964591,736031.99,1030942.17,0,0
12,CASH_OUT,118998.89,C139984271,311962.59,192963.69,C809719074,0.0,307178.64,0,0
90,TRANSFER,39664.74,C1509358186,39664.74,0.0,C2068734277,0.0,0.0,1,0
17,CASH_OUT,237837.94,C896345166,522697.57,284859.64,C1795667361,17773.0,153219.39,0,0
41,TRANSFER,799912.47,C1384255828,0.0,0.0,C1073998479,1063478.15,1830143.94,0,0
10,CASH_OUT,369160.32,C2139850568,104317.0,0.0,C2127109231,0.0,496777.78,0,0
9,CASH_OUT,98227.21,C2051655852,6680.0,0.0,C2021025468,0.0,245869.67,0,0
37,CASH_OUT,5301.95,C319189350,21331.0,16029.05,C1076830436,54514.44,59816.39,0,0
44,CASH_OUT,75179.94,C1480978796,29915.0,0.0,C1543851010,7546551.02,7621730.96,0,0
12,CASH_OUT,198466.08,C589374509,40679.0,0.0,C1109421585,1630226.85,1828692.92,0,0
38,CASH_OUT,442120.25,C1243000376,0.0,0.0,C409152458,773766.9,1215887.15,0,0
30,CASH_OUT,109401.88,C984153855,109401.88,0.0,C1806203979,245588.62,354990.5,1,0
33,CASH_OUT,92026.21,C1118717618,0.0,0.0,C110314238,358838.0,450864.21,0,0
42,TRANSFER,446083.52,C1341288361,0.0,0.0,C2078672780,1244093.83,2402191.62,0,0
33,CASH_OUT,69572.8,C697415074,0.0,0.0,C327760565,189124.45,258697.25,0,0
10,CASH_OUT,163517.08,C787944282,475228.87,311711.79,C1038434218,1145090.34,1520125.69,0,0
12,CASH_OUT,342846.3,C477643055,15792.0,0.0,C715907650,2806941.66,3596647.23,0,0
36,CASH_OUT,52822.0,C413638896,16178.0,0.0,C2041413818,2762520.23,2815342.23,0,0
10,CASH_OUT,62497.57,C885500900,0.0,0.0,C529404054,288675.75,552559.93,0,0
36,CASH_OUT,147511.77,C265971826,7341.0,0.0,C467580727,0.0,147511.77,0,0
41,TRANSFER,338929.99,C1844693676,588826.02,249896.03,C2015053689,1089727.27,1428657.26,0,0
34,CASH_OUT,267150.2,C945042325,0.0,0.0,C266912553,6840920.2,6753005.13,0,0
34,CASH_OUT,529126.25,C1630343710,0.0,0.0,C1743229382,1595089.19,2124215.43,0,0
44,CASH_OUT,213389.55,C1587360015,289.0,0.0,C1971517412,0.0,213389.55,0,0
15,CASH_OUT,174995.81,C1026535532,34030.0,0.0,C894269272,0.0,53356.84,0,0
45,CASH_OUT,203216.58,C1112140444,254696.0,51479.42,C731225061,0.0,203216.58,0,0
9,TRANSFER,385803.75,C928808516,404.0,0.0,C24540248,672499.48,1044471.57,0,0
82,TRANSFER,1534985.07,C1000937208,1534985.07,0.0,C1880907151,0.0,0.0,1,0
41,CASH_OUT,466647.52,C1894984671,13758.0,0.0,C1071289772,81708.03,548355.55,0,0
9,CASH_OUT,545738.14,C164128747,30439.0,0.0,C1922817437,396181.78,1414888.34,0,0
20,CASH_OUT,153298.46,C1463184860,52794.0,0.0,C1532225650,514896.99,754747.09,0,0
18,CASH_OUT,194127.38,C796305539,756.0,0.0,C120155529,14415.87,208543.25,0,0
34,CASH_OUT,39060.93,C1266709059,32150.0,0.0,C472046499,0.0,39060.93,0,0
36,CASH_OUT,478019.1,C1510342725,0.0,0.0,C886612580,505620.2,983639.3,0,0
47,CASH_OUT,102268.4,C1960847205,0.0,0.0,C1846202748,148324.79,250593.18,0,0
38,CASH_OUT,214559.6,C1866325500,0.0,0.0,C1539105174,363722.45,578282.05,0,0
69,CASH_OUT,353313.55,C1330110958,353313.55,0.0,C857281092,2808260.05,3161573.6,1,0
16,CASH_OUT,56004.66,C1396015548,0.0,0.0,C1886311135,344730.72,400735.37,0,0
43,CASH_OUT,83071.25,C1610208353,0.0,0.0,C718145466,993668.66,1076739.91,0,0
40,CASH_OUT,145443.0,C878501913,0.0,0.0,C552359425,2008564.48,2154007.47,0,0
40,CASH_OUT,57122.16,C577440595,97.0,0.0,C1480509193,6078837.86,6135960.02,0,0
43,CASH_OUT,160828.25,C1200672025,176180.0,15351.75,C943880638,0.0,160828.25,0,0
63,TRANSFER,197226.65,C1538536157,197226.65,0.0,C1896614473,0.0,0.0,1,0
1,TRANSFER,235238.66,C1872047468,235238.66,0.0,C116289363,0.0,0.0,1,0
40,CASH_OUT,181660.71,C1297990410,3175.0,0.0,C1233206936,569955.82,751616.54,0,0
42,CASH_OUT,112803.77,C634629573,143129.0,30325.23,C1867047501,0.0,112803.77,0,0
18,TRANSFER,382528.75,C2060317645,14435.0,0.0,C1449578873,19707.0,222860.89,0,0
17,TRANSFER,90413.44,C848172161,0.0,0.0,C1838072419,464626.84,555040.29,0,0
19,TRANSFER,10000000.0,C416779475,11861008.32,1861008.32,C380259496,0.0,0.0,1,0
9,CASH_OUT,396717.68,C1622911355,51927.0,0.0,C1010737727,4151.0,448391.94,0,0
16,TRANSFER,383529.2,C1948790372,0.0,0.0,C1560227209,606026.34,989555.54,0,0
11,CASH_OUT,407311.23,C1837050885,20524.0,0.0,C291993215,0.0,407311.23,0,0
19,CASH_OUT,68602.51,C1717198242,96114.0,27511.49,C642878826,9827560.31,9896162.83,0,0
17,CASH_OUT,103005.2,C52413757,0.0,0.0,C1005755165,3772392.63,3875397.84,0,0
37,CASH_OUT,155438.96,C405873824,14837.0,0.0,C1353383819,1719577.34,1875016.3,0,0
41,CASH_OUT,283681.29,C2102451597,86051.0,0.0,C1937764675,0.0,283681.29,0,0
19,CASH_OUT,117120.21,C1964596028,0.0,0.0,C1968958228,288005.59,405125.81,0,0
9,CASH_OUT,268079.86,C946114107,0.0,0.0,C1270516,296708.01,769109.49,0,0
40,CASH_OUT,486213.84,C321226962,11482.0,0.0,C1363226694,1422754.24,1908968.08,0,0
44,CASH_OUT,54431.16,C2029707793,0.0,0.0,C1485430181,876524.48,930955.64,0,0
45,TRANSFER,100924.54,C258563491,31310.0,0.0,C1794440653,309225.17,410149.71,0,0
34,CASH_OUT,71693.42,C1845753498,71693.42,0.0,C967051629,0.0,71693.42,1,0
19,CASH_OUT,286120.0,C1409335969,17742.0,0.0,C174487779,309776.14,711716.38,0,0
33,CASH_OUT,229028.78,C433852106,71365.0,0.0,C196583373,1005279.33,1234308.11,0,0
46,TRANSFER,16286.68,C776926846,0.0,0.0,C103088156,499372.59,515659.26,0,0
42,CASH_OUT,139473.97,C908505297,8550.48,0.0,C1017981616,860113.93,999587.91,0,0
15,CASH_OUT,110941.85,C534543139,39959.0,0.0,C12175233,0.0,110941.85,0,0
16,CASH_OUT,149144.97,C704120669,43872.0,0.0,C340937308,0.0,247909.63,0,0
16,CASH_OUT,201841.7,C613115828,784560.0,582718.3,C1230583314,9652993.76,10063056.32,0,0
88,CASH_OUT,9345700.07,C399518124,9345700.07,0.0,C2125071302,8922060.43,18267760.5,1,0
8,CASH_OUT,186514.95,C1244822237,0.0,0.0,C345603257,7737124.43,9917629.77,0,0
69,TRANSFER,2147778.33,C1991870331,2147778.33,0.0,C501280303,0.0,0.0,1,0
9,TRANSFER,836241.83,C1426670325,398753.0,0.0,C820880108,10459.0,1293731.01,0,0
57,TRANSFER,354441.19,C829975560,354441.19,0.0,C157107660,0.0,0.0,1,0
95,CASH_OUT,394857.78,C914356418,0.0,0.0,C511562180,8247619.28,8642477.05,0,0
36,CASH_OUT,101167.98,C565819448,0.0,0.0,C1640624477,14167939.08,14269107.06,0,0
41,TRANSFER,313200.47,C203814771,0.0,0.0,C572728110,2065840.03,2379040.5,0,0
8,CASH_OUT,70549.37,C833702055,0.0,0.0,C522553046,162277.85,232827.22,0,0
9,TRANSFER,190184.22,C420478817,0.0,0.0,C2071120293,1784926.42,4386744.72,0,0
13,CASH_OUT,288009.69,C673539395,9070.0,0.0,C2079848402,733961.19,1021970.88,0,0
17,CASH_OUT,1639676.27,C967691562,1639676.27,0.0,C2093967426,448954.92,2198318.48,1,0
18,CASH_OUT,137014.51,C1764328315,0.0,0.0,C726025092,3895621.8,4001412.75,0,0
43,CASH_OUT,400164.68,C1203175736,12523.0,0.0,C705304467,36238.0,406866.88,0,0
18,CASH_OUT,384462.12,C116035825,80121.48,0.0,C1484141550,671565.98,903730.29,0,0
19,CASH_OUT,124567.38,C732499562,0.0,0.0,C871498649,1984739.32,2109306.69,0,0
17,CASH_OUT,108850.37,C160024753,0.0,0.0,C287644338,958734.77,1067585.14,0,0
15,CASH_OUT,103659.32,C734798848,60234.0,0.0,C1045256432,310942.26,414601.57,0,0
35,CASH_OUT,389872.83,C1913235625,822.0,0.0,C1079088036,6725617.52,7115490.35,0,0
8,TRANSFER,24534.09,C1364839014,0.0,0.0,C1805683209,6086361.15,7428081.5,0,0
43,CASH_OUT,295218.18,C1529727907,641.0,0.0,C128321421,0.0,295218.18,0,0
12,CASH_OUT,156730.04,C1209588501,13584.0,0.0,C1209981276,15938.79,172668.83,0,0
42,CASH_OUT,337316.3,C575934644,0.0,0.0,C1831625804,418851.33,1434678.06,0,0
43,CASH_OUT,40848.2,C1686484488,25595.0,0.0,C1985754806,0.0,40848.2,0,0
40,CASH_OUT,39297.74,C29636784,0.0,0.0,C1370597916,198568.44,237866.18,0,0
14,CASH_OUT,421683.03,C1550094910,0.0,0.0,C1229849062,1372535.49,1695513.2,0,0
35,CASH_OUT,135817.39,C125476805,29837.0,0.0,C75177526,15763.05,151580.45,0,0
39,TRANSFER,477944.42,C1453547991,95330.0,0.0,C611802340,243556.45,721500.87,0,0
42,TRANSFER,73761.7,C1167916005,0.0,0.0,C2137942672,1152199.73,1225961.43,0,0
40,CASH_OUT,234789.45,C2112485274,21908.0,0.0,C1822964818,1660497.2,1895286.64,0,0
9,CASH_OUT,62983.44,C1738314713,0.0,0.0,C656977363,412860.54,1570977.38,0,0
18,CASH_OUT,175914.22,C1530891078,0.0,0.0,C480277152,768810.02,944724.23,0,0
35,CASH_OUT,425523.22,C2124459850,80378.0,0.0,C1877636028,0.0,425523.22,0,0
40,CASH_OUT,110234.97,C2010537361,0.0,0.0,C589763727,964788.19,1075023.17,0,0
12,CASH_OUT,37190.37,C14032262,23332.0,0.0,C753265257,0.0,37190.37,0,0
18,CASH_OUT,188737.25,C409788513,40049.0,0.0,C1874679514,45021.24,233758.49,0,0
40,TRANSFER,588243.34,C947545478,208733.0,0.0,C1679133774,2363766.62,2952009.96,0,0
20,CASH_OUT,142302.45,C724149174,0.0,0.0,C682153618,676263.95,818566.39,0,0
37,CASH_OUT,52172.73,C1579776302,69453.0,17280.27,C362884442,265959.73,147991.43,0,0
88,TRANSFER,9345700.07,C1453976647,9345700.07,0.0,C1454683123,0.0,0.0,1,0
11,CASH_OUT,121160.06,C1650975406,723535.21,602375.15,C1117816135,459616.28,547743.67,0,0
24,CASH_OUT,120749.23,C435436270,0.0,0.0,C691919639,973813.01,1094562.24,0,0
24,CASH_OUT,120677.6,C64839875,0.0,0.0,C1995182035,448651.98,569329.58,0,0
13,CASH_OUT,1161495.82,C165094398,1161495.82,0.0,C1966002811,319036.02,1565123.81,1,0
3,TRANSFER,66548.43,C2115368148,80178.0,13629.57,C323761934,0.0,66548.43,0,0
93,TRANSFER,315654.19,C676090557,315654.19,0.0,C1516512243,0.0,0.0,1,0
37,CASH_OUT,165075.56,C1313638605,558006.46,392930.9,C781551264,0.0,165075.56,0,0
18,CASH_OUT,50028.85,C1881541866,0.0,0.0,C557973056,71485.0,123317.16,0,0
43,CASH_OUT,91620.87,C1752213734,0.0,0.0,C410437994,1230695.92,1212943.61,0,0
10,CASH_OUT,261195.2,C1893407805,10205.0,0.0,C1996057023,62007.0,586275.22,0,0
17,CASH_OUT,301027.82,C1887176829,0.0,0.0,C1960870542,494521.47,795549.29,0,0
23,CASH_OUT,146127.1,C785373587,146127.1,0.0,C1824914593,177874.39,324001.49,1,0
13,CASH_OUT,208307.46,C778912867,24104.0,0.0,C1282788025,238091.82,858077.27,0,0
18,CASH_OUT,6033.95,C777599697,0.0,0.0,C2110090153,1693734.7,1656106.71,0,0
36,CASH_OUT,115057.17,C675638149,0.0,0.0,C1712459668,608061.38,723118.56,0,0
44,CASH_OUT,154855.77,C142191376,0.0,0.0,C1360211577,8320562.18,8475417.95,0,0
40,CASH_OUT,210350.39,C137475494,318271.0,107920.61,C846553803,2726486.6,2599661.16,0,0
16,TRANSFER,1091588.61,C2089157353,5833.0,0.0,C585184904,37144.31,1128732.92,0,0
36,TRANSFER,113338.99,C226697568,113338.99,0.0,C1045024523,0.0,0.0,1,0
36,CASH_OUT,261532.88,C1304497551,0.0,0.0,C1847104476,7786687.44,8048220.32,0,0
15,CASH_OUT,47436.58,C1425309731,16190.0,0.0,C2125509425,476037.29,523473.87,0,0
18,CASH_OUT,50711.49,C722162926,264095.0,213383.51,C209767449,1751634.39,1802345.88,0,0
13,CASH_OUT,29874.58,C992811271,0.0,0.0,C1064683226,36482.43,66357.01,0,0
46,TRANSFER,2052160.09,C39792954,0.0,0.0,C92047032,3948659.74,6000819.84,0,0
12,CASH_OUT,608546.16,C1890136767,103638.0,0.0,C511450367,0.0,608546.16,0,0
41,CASH_OUT,194379.7,C944783157,0.0,0.0,C2120354313,259056.38,453436.08,0,0
21,CASH_OUT,166847.21,C2081886060,0.0,0.0,C1418428700,486914.14,653761.35,0,0
8,CASH_OUT,105348.43,C1709507494,15045.0,0.0,C296121376,489006.74,156760.78,0,0
43,CASH_OUT,193627.17,C995729904,24587.0,0.0,C260664247,830594.83,1427096.56,0,0
18,CASH_OUT,119895.11,C200754314,0.0,0.0,C417889743,269015.08,388910.19,0,0
42,CASH_OUT,323501.78,C952784879,620.0,0.0,C1119520541,2735448.08,3058949.86,0,0
14,CASH_OUT,155596.66,C1776959208,0.0,0.0,C2146610568,6002342.36,6157939.02,0,0
36,TRANSFER,266042.96,C2033733678,9928.0,0.0,C1998782934,0.0,266042.96,0,0
43,CASH_OUT,222859.37,C355273046,104415.0,0.0,C1324765503,163732.33,386591.7,0,0
39,CASH_OUT,4708.71,C1721280494,0.0,0.0,C1813827960,1496896.73,1501605.44,0,0
20,CASH_OUT,23649.23,C1775175295,179833.96,156184.73,C1560168236,139447.84,163097.07,0,0
16,CASH_OUT,73443.94,C423535135,252642.45,179198.5,C265516192,94538.71,167982.66,0,0
41,TRANSFER,273617.17,C84525787,0.0,0.0,C1055735979,400014.74,673631.9,0,0
18,CASH_OUT,116232.97,C77828622,0.0,0.0,C1368089720,206263.53,322496.5,0,0
16,CASH_OUT,261800.34,C1335301405,21269.0,0.0,C2136828280,100820.17,362620.51,0,0
36,CASH_OUT,168647.04,C1334925741,34758.0,0.0,C140073624,12378434.02,12547081.06,0,0
43,CASH_OUT,544663.03,C1862481789,0.0,0.0,C7347113,2244198.81,2991853.68,0,0
42,CASH_OUT,174658.44,C352257058,122981.0,0.0,C258448044,102366.37,318743.54,0,0
12,CASH_OUT,222048.71,C265790428,0.0,0.0,C1700442291,2979.0,225027.71,1,0
42,CASH_OUT,132662.68,C1105375551,0.0,0.0,C339018103,622246.83,754909.51,0,0
17,CASH_OUT,55941.97,C1105029525,231.0,0.0,C1498031728,206143.87,262085.84,0,0
18,CASH_OUT,47544.1,C1567852208,0.0,0.0,C105764637,697089.31,744633.4,0,0
21,CASH_OUT,13892.98,C1779066213,0.0,0.0,C1394706834,19916.52,33809.5,0,0
40,TRANSFER,230917.14,C1971866194,62961.0,0.0,C107881861,67399.13,298316.27,0,0
34,TRANSFER,428239.03,C711340026,428239.03,0.0,C674486348,0.0,0.0,1,0
19,CASH_OUT,194351.0,C1226568175,42047.0,0.0,C296616766,454271.37,648622.37,0,0
38,CASH_OUT,129494.65,C879302668,189.0,0.0,C142395886,585352.99,714847.64,0,0
14,TRANSFER,606521.11,C117008649,103531.0,0.0,C446093259,0.0,771006.58,0,0
43,CASH_OUT,108861.66,C1532556843,20590.0,0.0,C1918198250,205110.27,603363.72,0,0
42,CASH_OUT,173260.15,C1238049132,0.0,0.0,C2123779043,3099571.31,3272831.46,0,0
18,TRANSFER,697592.97,C1125700743,179126.0,0.0,C590211275,250483.9,948076.87,0,0
35,CASH_OUT,131432.87,C1956444896,72321.0,0.0,C214445153,0.0,131432.87,0,0
42,CASH_OUT,165161.19,C1626310463,6094.0,0.0,C1726292371,1475979.93,1641141.13,0,0
16,CASH_OUT,203292.41,C163144824,0.0,0.0,C1599377459,2780200.15,4665296.32,0,0
42,CASH_OUT,244598.08,C207581311,0.0,0.0,C890559705,931802.07,1176400.15,0,0
17,CASH_OUT,104802.12,C35702807,0.0,0.0,C602091103,360303.47,465105.59,0,0
14,CASH_OUT,104326.19,C267090194,30233.0,0.0,C443126924,18149467.74,17966053.79,0,0
16,CASH_OUT,240954.52,C650126813,2721.0,0.0,C50041073,1194647.88,1541340.46,0,0
14,CASH_OUT,239687.59,C782616156,214980.0,0.0,C2040888281,0.0,239687.59,0,0
19,TRANSFER,885589.97,C1676297688,68860.0,0.0,C353222616,1480276.0,2433058.39,0,0
16,CASH_OUT,25621.47,C14902701,0.0,0.0,C1698099308,3047591.29,3134340.16,0,0
33,CASH_OUT,118566.61,C151467937,0.0,0.0,C667494566,2024272.91,2142839.51,0,0
85,CASH_OUT,167679.27,C2032147559,167679.27,0.0,C599607213,165580.61,333259.88,1,0
45,CASH_OUT,30086.39,C485338142,0.0,0.0,C1550241078,1585620.86,1615707.26,0,0
2,CASH_OUT,963532.14,C430329518,963532.14,0.0,C991505714,132382.57,1095914.71,1,0
43,CASH_OUT,89152.02,C1456133867,0.0,0.0,C1301029706,121654.35,210806.37,0,0
34,CASH_OUT,670794.75,C611503390,29146.0,0.0,C1848310967,181686.75,852481.5,0,0
8,TRANSFER,543076.29,C346817035,0.0,0.0,C1759482496,2717401.86,2912335.58,0,0
10,CASH_OUT,99753.43,C1542111007,50946.0,0.0,C1708048606,103490.73,622274.82,0,0
44,TRANSFER,18494.13,C282792223,0.0,0.0,C1896676224,72596.24,91090.37,0,0
19,CASH_OUT,194585.23,C1660935430,113960.12,0.0,C2052866152,406719.3,601304.53,0,0
27,TRANSFER,494244.61,C1529468267,494244.61,0.0,C1924171481,0.0,0.0,1,0
11,CASH_OUT,526942.48,C299434399,0.0,0.0,C1639708058,1702636.22,2631687.71,0,0
43,CASH_OUT,93459.89,C1250676021,93459.89,0.0,C977089472,15825.7,109285.59,1,0
17,TRANSFER,67990.02,C1416140740,107443.0,39452.98,C184999484,0.0,67990.02,0,0
43,CASH_OUT,152333.53,C2000181448,16633.0,0.0,C1020503083,109616.22,261949.75,0,0
44,CASH_OUT,135965.39,C642463206,22246.0,0.0,C1860756527,415498.91,551464.3,0,0
47,CASH_OUT,290274.95,C1118114798,0.0,0.0,C980556725,955950.39,1246225.34,0,0
17,TRANSFER,1217725.71,C854885138,0.0,0.0,C1130179838,2470795.66,3706918.49,0,0
